Date,EventDate,Event,Site,ECO,White,Black,Round,Result
1886.01.11,1886.01.11,World Championship 1st,USA,D11,"Zukertort, Johannes H","Steinitz, Wilhelm",1,0-1
1886.01.13,1886.01.11,World Championship 1st,USA,C47,"Steinitz, Wilhelm","Zukertort, Johannes H",2,0-1
1886.01.15,1886.01.11,World Championship 1st,USA,D10,"Zukertort, Johannes H","Steinitz, Wilhelm",3,1-0
1886.01.18,1886.01.11,World Championship 1st,USA,C67,"Steinitz, Wilhelm","Zukertort, Johannes H",4,0-1
1886.01.20,1886.01.11,World Championship 1st,USA,D10,"Zukertort, Johannes H","Steinitz, Wilhelm",5,1-0
1886.02.03,1886.01.11,World Championship 1st,USA,C67,"Steinitz, Wilhelm","Zukertort, Johannes H",6,1-0
1886.02.05,1886.01.11,World Championship 1st,USA,D40,"Zukertort, Johannes H","Steinitz, Wilhelm",7,0-1
1886.02.08,1886.01.11,World Championship 1st,USA,C67,"Steinitz, Wilhelm","Zukertort, Johannes H",8,1/2-1/2
1886.02.10,1886.01.11,World Championship 1st,USA,D26,"Zukertort, Johannes H","Steinitz, Wilhelm",9,0-1
1886.02.26,1886.01.11,World Championship 1st,USA,C67,"Steinitz, Wilhelm","Zukertort, Johannes H",10,1/2-1/2
1886.03.01,1886.01.11,World Championship 1st,USA,C49,"Zukertort, Johannes H","Steinitz, Wilhelm",11,0-1
1886.03.03,1886.01.11,World Championship 1st,USA,C67,"Steinitz, Wilhelm","Zukertort, Johannes H",12,1-0
1886.03.05,1886.01.11,World Championship 1st,USA,D26,"Zukertort, Johannes H","Steinitz, Wilhelm",13,1-0
1886.03.12,1886.01.11,World Championship 1st,USA,C67,"Steinitz, Wilhelm","Zukertort, Johannes H",14,1/2-1/2
1886.03.15,1886.01.11,World Championship 1st,USA,D50,"Zukertort, Johannes H","Steinitz, Wilhelm",15,1/2-1/2
1886.03.17,1886.01.11,World Championship 1st,USA,C65,"Steinitz, Wilhelm","Zukertort, Johannes H",16,1-0
1886.03.19,1886.01.11,World Championship 1st,USA,D60,"Zukertort, Johannes H","Steinitz, Wilhelm",17,1/2-1/2
1886.03.22,1886.01.11,World Championship 1st,USA,C65,"Steinitz, Wilhelm","Zukertort, Johannes H",18,1-0
1886.03.24,1886.01.11,World Championship 1st,USA,D53,"Zukertort, Johannes H","Steinitz, Wilhelm",19,0-1
1886.03.29,1886.01.11,World Championship 1st,USA,C25,"Steinitz, Wilhelm","Zukertort, Johannes H",20,1-0
1889.01.20,1889.01.20,World Championship 2nd,Havana CUB,C52,"Chigorin, Mikhail I","Steinitz, Wilhelm",1,1-0
1889.01.22,1889.01.20,World Championship 2nd,Havana CUB,D02,"Steinitz, Wilhelm","Chigorin, Mikhail I",2,1-0
1889.01.24,1889.01.20,World Championship 2nd,Havana CUB,C62,"Chigorin, Mikhail I","Steinitz, Wilhelm",3,1-0
1889.01.26,1889.01.20,World Championship 2nd,Havana CUB,D02,"Steinitz, Wilhelm","Chigorin, Mikhail I",4,1-0
1889.01.27,1889.01.20,World Championship 2nd,Havana CUB,C52,"Chigorin, Mikhail I","Steinitz, Wilhelm",5,0-1
1889.01.29,1889.01.20,World Championship 2nd,Havana CUB,D02,"Steinitz, Wilhelm","Chigorin, Mikhail I",6,0-1
1889.01.31,1889.01.20,World Championship 2nd,Havana CUB,C52,"Chigorin, Mikhail I","Steinitz, Wilhelm",7,1-0
1889.02.04,1889.01.20,World Championship 2nd,Havana CUB,D46,"Steinitz, Wilhelm","Chigorin, Mikhail I",8,1-0
1889.02.05,1889.01.20,World Championship 2nd,Havana CUB,C52,"Chigorin, Mikhail I","Steinitz, Wilhelm",9,0-1
1889.02.08,1889.01.20,World Championship 2nd,Havana CUB,D07,"Steinitz, Wilhelm","Chigorin, Mikhail I",10,1-0
1889.02.10,1889.01.20,World Championship 2nd,Havana CUB,C52,"Chigorin, Mikhail I","Steinitz, Wilhelm",11,1-0
1889.02.12,1889.01.20,World Championship 2nd,Havana CUB,D07,"Steinitz, Wilhelm","Chigorin, Mikhail I",12,1-0
1889.02.16,1889.01.20,World Championship 2nd,Havana CUB,C52,"Chigorin, Mikhail I","Steinitz, Wilhelm",13,1-0
1889.02.19,1889.01.20,World Championship 2nd,Havana CUB,D07,"Steinitz, Wilhelm","Chigorin, Mikhail I",14,1-0
1889.02.21,1889.01.20,World Championship 2nd,Havana CUB,C52,"Chigorin, Mikhail I","Steinitz, Wilhelm",15,0-1
1889.02.23,1889.01.20,World Championship 2nd,Havana CUB,A85,"Steinitz, Wilhelm","Chigorin, Mikhail I",16,1-0
1889.02.24,1889.01.20,World Championship 2nd,Havana CUB,C52,"Chigorin, Mikhail I","Steinitz, Wilhelm",17,1/2-1/2
1890.12.09,1890.12.09,World Championship 3rd,"New York, NY USA",D35,"Steinitz, Wilhelm","Gunsberg, Isidor A",1,1/2-1/2
1890.12.11,1890.12.09,World Championship 3rd,"New York, NY USA",C62,"Gunsberg, Isidor A","Steinitz, Wilhelm",2,0-1
1890.12.13,1890.12.09,World Championship 3rd,"New York, NY USA",D31,"Steinitz, Wilhelm","Gunsberg, Isidor A",3,1/2-1/2
1890.12.15,1890.12.09,World Championship 3rd,"New York, NY USA",C50,"Gunsberg, Isidor A","Steinitz, Wilhelm",4,1-0
1890.12.18,1890.12.09,World Championship 3rd,"New York, NY USA",D20,"Steinitz, Wilhelm","Gunsberg, Isidor A",5,0-1
1890.12.20,1890.12.09,World Championship 3rd,"New York, NY USA",D05,"Gunsberg, Isidor A","Steinitz, Wilhelm",6,0-1
1890.12.22,1890.12.09,World Championship 3rd,"New York, NY USA",E51,"Steinitz, Wilhelm","Gunsberg, Isidor A",7,1-0
1890.12.27,1890.12.09,World Championship 3rd,"New York, NY USA",C54,"Gunsberg, Isidor A","Steinitz, Wilhelm",8,1/2-1/2
1890.12.29,1890.12.09,World Championship 3rd,"New York, NY USA",D30,"Steinitz, Wilhelm","Gunsberg, Isidor A",9,1/2-1/2
1891.01.02,1890.12.09,World Championship 3rd,"New York, NY USA",C54,"Gunsberg, Isidor A","Steinitz, Wilhelm",10,0-1
1891.01.03,1890.12.09,World Championship 3rd,"New York, NY USA",D40,"Steinitz, Wilhelm","Gunsberg, Isidor A",11,1/2-1/2
1891.01.05,1890.12.09,World Championship 3rd,"New York, NY USA",C52,"Gunsberg, Isidor A","Steinitz, Wilhelm",12,1-0
1891.01.07,1890.12.09,World Championship 3rd,"New York, NY USA",D37,"Steinitz, Wilhelm","Gunsberg, Isidor A",13,1-0
1891.01.10,1890.12.09,World Championship 3rd,"New York, NY USA",C52,"Gunsberg, Isidor A","Steinitz, Wilhelm",14,1/2-1/2
1891.01.12,1890.12.09,World Championship 3rd,"New York, NY USA",E14,"Steinitz, Wilhelm","Gunsberg, Isidor A",15,1/2-1/2
1891.01.15,1890.12.09,World Championship 3rd,"New York, NY USA",C52,"Gunsberg, Isidor A","Steinitz, Wilhelm",16,1-0
1891.01.17,1890.12.09,World Championship 3rd,"New York, NY USA",D06,"Steinitz, Wilhelm","Gunsberg, Isidor A",17,1/2-1/2
1891.01.21,1890.12.09,World Championship 3rd,"New York, NY USA",C52,"Gunsberg, Isidor A","Steinitz, Wilhelm",18,0-1
1891.01.22,1890.12.09,World Championship 3rd,"New York, NY USA",D40,"Steinitz, Wilhelm","Gunsberg, Isidor A",19,1/2-1/2
1892.01.01,1892.01.01,World Championship 4th,Havana CUB,C52,"Chigorin, Mikhail I","Steinitz, Wilhelm",1,1-0
1892.01.03,1892.01.01,World Championship 4th,Havana CUB,C65,"Steinitz, Wilhelm","Chigorin, Mikhail I",2,1/2-1/2
1892.01.05,1892.01.01,World Championship 4th,Havana CUB,C52,"Chigorin, Mikhail I","Steinitz, Wilhelm",3,1/2-1/2
1892.01.07,1892.01.01,World Championship 4th,Havana CUB,C65,"Steinitz, Wilhelm","Chigorin, Mikhail I",4,1-0
1892.01.10,1892.01.01,World Championship 4th,Havana CUB,C52,"Chigorin, Mikhail I","Steinitz, Wilhelm",5,1/2-1/2
1892.01.12,1892.01.01,World Championship 4th,Havana CUB,C59,"Steinitz, Wilhelm","Chigorin, Mikhail I",6,1-0
1892.01.14,1892.01.01,World Championship 4th,Havana CUB,C52,"Chigorin, Mikhail I","Steinitz, Wilhelm",7,1-0
1892.01.16,1892.01.01,World Championship 4th,Havana CUB,C58,"Steinitz, Wilhelm","Chigorin, Mikhail I",8,0-1
1892.01.19,1892.01.01,World Championship 4th,Havana CUB,C52,"Chigorin, Mikhail I","Steinitz, Wilhelm",9,1/2-1/2
1892.01.21,1892.01.01,World Championship 4th,Havana CUB,C58,"Steinitz, Wilhelm","Chigorin, Mikhail I",10,0-1
1892.01.24,1892.01.01,World Championship 4th,Havana CUB,C62,"Chigorin, Mikhail I","Steinitz, Wilhelm",11,0-1
1892.01.26,1892.01.01,World Championship 4th,Havana CUB,C59,"Steinitz, Wilhelm","Chigorin, Mikhail I",12,0-1
1892.01.31,1892.01.01,World Championship 4th,Havana CUB,C52,"Chigorin, Mikhail I","Steinitz, Wilhelm",13,0-1
1892.02.02,1892.01.01,World Championship 4th,Havana CUB,C65,"Steinitz, Wilhelm","Chigorin, Mikhail I",14,1-0
1892.02.04,1892.01.01,World Championship 4th,Havana CUB,C52,"Chigorin, Mikhail I","Steinitz, Wilhelm",15,1-0
1892.02.07,1892.01.01,World Championship 4th,Havana CUB,C77,"Steinitz, Wilhelm","Chigorin, Mikhail I",16,1-0
1892.02.09,1892.01.01,World Championship 4th,Havana CUB,C52,"Chigorin, Mikhail I","Steinitz, Wilhelm",17,1-0
1892.02.14,1892.01.01,World Championship 4th,Havana CUB,A85,"Steinitz, Wilhelm","Chigorin, Mikhail I",18,1-0
1892.02.16,1892.01.01,World Championship 4th,Havana CUB,C45,"Chigorin, Mikhail I","Steinitz, Wilhelm",19,1-0
1892.02.18,1892.01.01,World Championship 4th,Havana CUB,D37,"Steinitz, Wilhelm","Chigorin, Mikhail I",20,1-0
1892.02.23,1892.01.01,World Championship 4th,Havana CUB,C25,"Chigorin, Mikhail I","Steinitz, Wilhelm",21,1/2-1/2
1892.02.25,1892.01.01,World Championship 4th,Havana CUB,D55,"Steinitz, Wilhelm","Chigorin, Mikhail I",22,1-0
1892.02.28,1892.01.01,World Championship 4th,Havana CUB,C34,"Chigorin, Mikhail I","Steinitz, Wilhelm",23,0-1
1894.03.15,1894.03.15,World Championship 5th,USA/CAN,C62,"Lasker, Emanuel","Steinitz, Wilhelm",1,1-0
1894.03.19,1894.03.15,World Championship 5th,USA/CAN,C65,"Steinitz, Wilhelm","Lasker, Emanuel",2,1-0
1894.03.21,1894.03.15,World Championship 5th,USA/CAN,C62,"Lasker, Emanuel","Steinitz, Wilhelm",3,1-0
1894.03.23,1894.03.15,World Championship 5th,USA/CAN,C54,"Steinitz, Wilhelm","Lasker, Emanuel",4,1-0
1894.03.27,1894.03.15,World Championship 5th,USA/CAN,C62,"Lasker, Emanuel","Steinitz, Wilhelm",5,1/2-1/2
1894.03.29,1894.03.15,World Championship 5th,USA/CAN,C54,"Steinitz, Wilhelm","Lasker, Emanuel",6,1/2-1/2
1894.04.03,1894.03.15,World Championship 5th,USA/CAN,C62,"Lasker, Emanuel","Steinitz, Wilhelm",7,1-0
1894.04.05,1894.03.15,World Championship 5th,USA/CAN,C10,"Steinitz, Wilhelm","Lasker, Emanuel",8,0-1
1894.04.14,1894.03.15,World Championship 5th,USA/CAN,C62,"Lasker, Emanuel","Steinitz, Wilhelm",9,1-0
1894.04.19,1894.03.15,World Championship 5th,USA/CAN,D35,"Steinitz, Wilhelm","Lasker, Emanuel",10,0-1
1894.04.21,1894.03.15,World Championship 5th,USA/CAN,D40,"Lasker, Emanuel","Steinitz, Wilhelm",11,1-0
1894.05.03,1894.03.15,World Championship 5th,USA/CAN,D60,"Steinitz, Wilhelm","Lasker, Emanuel",12,1/2-1/2
1894.05.05,1894.03.15,World Championship 5th,USA/CAN,C68,"Lasker, Emanuel","Steinitz, Wilhelm",13,0-1
1894.05.08,1894.03.15,World Championship 5th,USA/CAN,D46,"Steinitz, Wilhelm","Lasker, Emanuel",14,1-0
1894.05.15,1894.03.15,World Championship 5th,USA/CAN,D40,"Lasker, Emanuel","Steinitz, Wilhelm",15,1-0
1894.05.17,1894.03.15,World Championship 5th,USA/CAN,D60,"Steinitz, Wilhelm","Lasker, Emanuel",16,0-1
1894.05.19,1894.03.15,World Championship 5th,USA/CAN,C50,"Lasker, Emanuel","Steinitz, Wilhelm",17,0-1
1894.05.22,1894.03.15,World Championship 5th,USA/CAN,D67,"Steinitz, Wilhelm","Lasker, Emanuel",18,1/2-1/2
1894.05.26,1894.03.15,World Championship 5th,USA/CAN,D40,"Lasker, Emanuel","Steinitz, Wilhelm",19,1-0
1907.01.26,1907.01.26,World Championship 7th,USA,C65,"Marshall, Frank J","Lasker, Emanuel",1,0-1
1907.01.29,1907.01.26,World Championship 7th,USA,C11,"Lasker, Emanuel","Marshall, Frank J",2,1-0
1907.01.31,1907.01.26,World Championship 7th,USA,D53,"Marshall, Frank J","Lasker, Emanuel",3,0-1
1907.02.02,1907.01.26,World Championship 7th,USA,C12,"Lasker, Emanuel","Marshall, Frank J",4,1/2-1/2
1907.02.05,1907.01.26,World Championship 7th,USA,D53,"Marshall, Frank J","Lasker, Emanuel",5,1/2-1/2
1907.02.09,1907.01.26,World Championship 7th,USA,C12,"Lasker, Emanuel","Marshall, Frank J",6,1/2-1/2
1907.02.16,1907.01.26,World Championship 7th,USA,D32,"Marshall, Frank J","Lasker, Emanuel",7,1/2-1/2
1907.02.19,1907.01.26,World Championship 7th,USA,C12,"Lasker, Emanuel","Marshall, Frank J",8,1-0
1907.03.02,1907.01.26,World Championship 7th,USA,D32,"Marshall, Frank J","Lasker, Emanuel",9,1/2-1/2
1907.03.08,1907.01.26,World Championship 7th,USA,C12,"Lasker, Emanuel","Marshall, Frank J",10,1/2-1/2
1907.03.16,1907.01.26,World Championship 7th,USA,A83,"Marshall, Frank J","Lasker, Emanuel",11,1/2-1/2
1907.03.19,1907.01.26,World Championship 7th,USA,C11,"Lasker, Emanuel","Marshall, Frank J",12,1-0
1907.03.21,1907.01.26,World Championship 7th,USA,D07,"Marshall, Frank J","Lasker, Emanuel",13,0-1
1907.03.23,1907.01.26,World Championship 7th,USA,C11,"Lasker, Emanuel","Marshall, Frank J",14,1-0
1907.04.06,1907.01.26,World Championship 7th,USA,D53,"Marshall, Frank J","Lasker, Emanuel",15,0-1
1908.08.17,1908.08.17,World Championship 8th,GER,C68,"Lasker, Emanuel","Tarrasch, Siegbert",1,1-0
1908.08.19,1908.08.17,World Championship 8th,GER,C66,"Tarrasch, Siegbert","Lasker, Emanuel",2,0-1
1908.08.22,1908.08.17,World Championship 8th,GER,C98,"Lasker, Emanuel","Tarrasch, Siegbert",3,0-1
1908.08.24,1908.08.17,World Championship 8th,GER,C66,"Tarrasch, Siegbert","Lasker, Emanuel",4,0-1
1908.09.01,1908.08.17,World Championship 8th,GER,C98,"Lasker, Emanuel","Tarrasch, Siegbert",5,1-0
1908.09.02,1908.08.17,World Championship 8th,GER,C10,"Tarrasch, Siegbert","Lasker, Emanuel",6,1/2-1/2
1908.09.05,1908.08.17,World Championship 8th,GER,C15,"Lasker, Emanuel","Tarrasch, Siegbert",7,1-0
1908.09.09,1908.08.17,World Championship 8th,GER,C67,"Tarrasch, Siegbert","Lasker, Emanuel",8,1/2-1/2
1908.09.11,1908.08.17,World Championship 8th,GER,C15,"Lasker, Emanuel","Tarrasch, Siegbert",9,1/2-1/2
1908.09.14,1908.08.17,World Championship 8th,GER,C67,"Tarrasch, Siegbert","Lasker, Emanuel",10,1-0
1908.09.15,1908.08.17,World Championship 8th,GER,C12,"Lasker, Emanuel","Tarrasch, Siegbert",11,1-0
1908.09.16,1908.08.17,World Championship 8th,GER,C49,"Tarrasch, Siegbert","Lasker, Emanuel",12,1-0
1908.09.23,1908.08.17,World Championship 8th,GER,D40,"Lasker, Emanuel","Tarrasch, Siegbert",13,1-0
1908.09.24,1908.08.17,World Championship 8th,GER,C67,"Tarrasch, Siegbert","Lasker, Emanuel",14,1/2-1/2
1908.09.28,1908.08.17,World Championship 8th,GER,D02,"Lasker, Emanuel","Tarrasch, Siegbert",15,1/2-1/2
1908.09.30,1908.08.17,World Championship 8th,GER,C49,"Tarrasch, Siegbert","Lasker, Emanuel",16,0-1
1909.10.19,1909.10.19,World Championship 9th,Paris FRA,C87,"Lasker, Emanuel","Janowski, Dawid M",1,1/2-1/2
1909.10.21,1909.10.19,World Championship 9th,Paris FRA,C49,"Janowski, Dawid M","Lasker, Emanuel",2,0-1
1909.10.22,1909.10.19,World Championship 9th,Paris FRA,C68,"Lasker, Emanuel","Janowski, Dawid M",3,1-0
1909.10.25,1909.10.19,World Championship 9th,Paris FRA,C49,"Janowski, Dawid M","Lasker, Emanuel",4,0-1
1909.10.27,1909.10.19,World Championship 9th,Paris FRA,C68,"Lasker, Emanuel","Janowski, Dawid M",5,1-0
1909.10.30,1909.10.19,World Championship 9th,Paris FRA,C66,"Janowski, Dawid M","Lasker, Emanuel",6,1-0
1909.11.02,1909.10.19,World Championship 9th,Paris FRA,C87,"Lasker, Emanuel","Janowski, Dawid M",7,1-0
1909.11.05,1909.10.19,World Championship 9th,Paris FRA,C66,"Janowski, Dawid M","Lasker, Emanuel",8,1/2-1/2
1909.11.06,1909.10.19,World Championship 9th,Paris FRA,C87,"Lasker, Emanuel","Janowski, Dawid M",9,1-0
1909.11.09,1909.10.19,World Championship 9th,Paris FRA,B34,"Janowski, Dawid M","Lasker, Emanuel",10,0-1
1910.11.08,1910.11.08,World Championship 11th,Berlin GER,D32,"Lasker, Emanuel","Janowski, Dawid M",1,1-0
1910.11.09,1910.11.08,World Championship 11th,Berlin GER,D05,"Janowski, Dawid M","Lasker, Emanuel",2,1/2-1/2
1910.11.12,1910.11.08,World Championship 11th,Berlin GER,D55,"Lasker, Emanuel","Janowski, Dawid M",3,1/2-1/2
1910.11.17,1910.11.08,World Championship 11th,Berlin GER,D27,"Janowski, Dawid M","Lasker, Emanuel",4,0-1
1910.11.19,1910.11.08,World Championship 11th,Berlin GER,D32,"Lasker, Emanuel","Janowski, Dawid M",5,1-0
1910.11.20,1910.11.08,World Championship 11th,Berlin GER,D40,"Janowski, Dawid M","Lasker, Emanuel",6,1/2-1/2
1910.11.24,1910.11.08,World Championship 11th,Berlin GER,D32,"Lasker, Emanuel","Janowski, Dawid M",7,1-0
1910.11.27,1910.11.08,World Championship 11th,Berlin GER,D40,"Janowski, Dawid M","Lasker, Emanuel",8,0-1
1910.12.01,1910.11.08,World Championship 11th,Berlin GER,C79,"Lasker, Emanuel","Janowski, Dawid M",9,1-0
1910.12.06,1910.11.08,World Championship 11th,Berlin GER,B07,"Janowski, Dawid M","Lasker, Emanuel",10,0-1
1910.12.08,1910.11.08,World Championship 11th,Berlin GER,C30,"Lasker, Emanuel","Janowski, Dawid M",11,1-0
1910.01.07,1910.01.07,World Championship 10th,GER/AUT,C66,"Schlechter, Carl","Lasker, Emanuel",1,1/2-1/2
1910.01.13,1910.01.07,World Championship 10th,GER/AUT,C80,"Lasker, Emanuel","Schlechter, Carl",2,1/2-1/2
1910.01.15,1910.01.07,World Championship 10th,GER/AUT,C66,"Schlechter, Carl","Lasker, Emanuel",3,1/2-1/2
1910.01.18,1910.01.07,World Championship 10th,GER/AUT,C80,"Lasker, Emanuel","Schlechter, Carl",4,1/2-1/2
1910.01.21,1910.01.07,World Championship 10th,GER/AUT,C66,"Schlechter, Carl","Lasker, Emanuel",5,1-0
1910.01.29,1910.01.07,World Championship 10th,GER/AUT,C80,"Lasker, Emanuel","Schlechter, Carl",6,1/2-1/2
1910.01.30,1910.01.07,World Championship 10th,GER/AUT,B57,"Schlechter, Carl","Lasker, Emanuel",7,1/2-1/2
1910.02.02,1910.01.07,World Championship 10th,GER/AUT,C80,"Lasker, Emanuel","Schlechter, Carl",8,1/2-1/2
1910.02.05,1910.01.07,World Championship 10th,GER/AUT,B33,"Schlechter, Carl","Lasker, Emanuel",9,1/2-1/2
1910.02.08,1910.01.07,World Championship 10th,GER/AUT,D94,"Lasker, Emanuel","Schlechter, Carl",10,1-0
1921.03.15,1921.03.15,World Championship 12th,Havana CUB,D63,"Capablanca, Jose Raul","Lasker, Emanuel",1,1/2-1/2
1921.03.17,1921.03.15,World Championship 12th,Havana CUB,D37,"Lasker, Emanuel","Capablanca, Jose Raul",2,1/2-1/2
1921.03.19,1921.03.15,World Championship 12th,Havana CUB,C66,"Capablanca, Jose Raul","Lasker, Emanuel",3,1/2-1/2
1921.03.23,1921.03.15,World Championship 12th,Havana CUB,D60,"Lasker, Emanuel","Capablanca, Jose Raul",4,1/2-1/2
1921.03.29,1921.03.15,World Championship 12th,Havana CUB,D63,"Capablanca, Jose Raul","Lasker, Emanuel",5,1-0
1921.03.30,1921.03.15,World Championship 12th,Havana CUB,C66,"Lasker, Emanuel","Capablanca, Jose Raul",6,1/2-1/2
1921.04.02,1921.03.15,World Championship 12th,Havana CUB,D61,"Capablanca, Jose Raul","Lasker, Emanuel",7,1/2-1/2
1921.04.03,1921.03.15,World Championship 12th,Havana CUB,D12,"Lasker, Emanuel","Capablanca, Jose Raul",8,1/2-1/2
1921.04.06,1921.03.15,World Championship 12th,Havana CUB,D34,"Capablanca, Jose Raul","Lasker, Emanuel",9,1/2-1/2
1921.04.08,1921.03.15,World Championship 12th,Havana CUB,D61,"Lasker, Emanuel","Capablanca, Jose Raul",10,0-1
1921.04.13,1921.03.15,World Championship 12th,Havana CUB,D64,"Capablanca, Jose Raul","Lasker, Emanuel",11,1-0
1921.04.16,1921.03.15,World Championship 12th,Havana CUB,C66,"Lasker, Emanuel","Capablanca, Jose Raul",12,1/2-1/2
1921.04.19,1921.03.15,World Championship 12th,Havana CUB,D63,"Capablanca, Jose Raul","Lasker, Emanuel",13,1/2-1/2
1921.04.20,1921.03.15,World Championship 12th,Havana CUB,C66,"Lasker, Emanuel","Capablanca, Jose Raul",14,0-1
1927.09.16,1927.09.16,World Championship 13th,Buenos Aires ARG,C01,"Capablanca, Jose Raul","Alekhine, Alexander A",1,0-1
1927.09.20,1927.09.16,World Championship 13th,Buenos Aires ARG,D65,"Alekhine, Alexander A","Capablanca, Jose Raul",2,1/2-1/2
1927.09.21,1927.09.16,World Championship 13th,Buenos Aires ARG,A47,"Capablanca, Jose Raul","Alekhine, Alexander A",3,1-0
1927.09.23,1927.09.16,World Championship 13th,Buenos Aires ARG,D64,"Alekhine, Alexander A","Capablanca, Jose Raul",4,1/2-1/2
1927.09.27,1927.09.16,World Championship 13th,Buenos Aires ARG,D51,"Capablanca, Jose Raul","Alekhine, Alexander A",5,1/2-1/2
1927.09.30,1927.09.16,World Championship 13th,Buenos Aires ARG,D67,"Alekhine, Alexander A","Capablanca, Jose Raul",6,1/2-1/2
1927.10.01,1927.09.16,World Championship 13th,Buenos Aires ARG,D52,"Capablanca, Jose Raul","Alekhine, Alexander A",7,1-0
1927.10.03,1927.09.16,World Championship 13th,Buenos Aires ARG,D62,"Alekhine, Alexander A","Capablanca, Jose Raul",8,1/2-1/2
1927.10.05,1927.09.16,World Championship 13th,Buenos Aires ARG,D51,"Capablanca, Jose Raul","Alekhine, Alexander A",9,1/2-1/2
1927.10.06,1927.09.16,World Championship 13th,Buenos Aires ARG,D62,"Alekhine, Alexander A","Capablanca, Jose Raul",10,1/2-1/2
1927.10.08,1927.09.16,World Championship 13th,Buenos Aires ARG,D52,"Capablanca, Jose Raul","Alekhine, Alexander A",11,0-1
1927.10.11,1927.09.16,World Championship 13th,Buenos Aires ARG,D64,"Alekhine, Alexander A","Capablanca, Jose Raul",12,1-0
1927.10.15,1927.09.16,World Championship 13th,Buenos Aires ARG,D63,"Capablanca, Jose Raul","Alekhine, Alexander A",13,1/2-1/2
1927.10.14,1927.09.16,World Championship 13th,Buenos Aires ARG,D65,"Alekhine, Alexander A","Capablanca, Jose Raul",14,1/2-1/2
1927.10.15,1927.09.16,World Championship 13th,Buenos Aires ARG,D63,"Capablanca, Jose Raul","Alekhine, Alexander A",15,1/2-1/2
1927.10.17,1927.09.16,World Championship 13th,Buenos Aires ARG,D67,"Alekhine, Alexander A","Capablanca, Jose Raul",16,1/2-1/2
1927.10.18,1927.09.16,World Championship 13th,Buenos Aires ARG,D63,"Capablanca, Jose Raul","Alekhine, Alexander A",17,1/2-1/2
1927.10.20,1927.09.16,World Championship 13th,Buenos Aires ARG,D67,"Alekhine, Alexander A","Capablanca, Jose Raul",18,1/2-1/2
1927.10.22,1927.09.16,World Championship 13th,Buenos Aires ARG,D63,"Capablanca, Jose Raul","Alekhine, Alexander A",19,1/2-1/2
1927.10.24,1927.09.16,World Championship 13th,Buenos Aires ARG,D67,"Alekhine, Alexander A","Capablanca, Jose Raul",20,1/2-1/2
1927.10.26,1927.09.16,World Championship 13th,Buenos Aires ARG,D63,"Capablanca, Jose Raul","Alekhine, Alexander A",21,0-1
1927.10.28,1927.09.16,World Championship 13th,Buenos Aires ARG,D67,"Alekhine, Alexander A","Capablanca, Jose Raul",22,1/2-1/2
1927.11.01,1927.09.16,World Championship 13th,Buenos Aires ARG,D63,"Capablanca, Jose Raul","Alekhine, Alexander A",23,1/2-1/2
1927.11.03,1927.09.16,World Championship 13th,Buenos Aires ARG,D67,"Alekhine, Alexander A","Capablanca, Jose Raul",24,1/2-1/2
1927.11.05,1927.09.16,World Championship 13th,Buenos Aires ARG,D65,"Capablanca, Jose Raul","Alekhine, Alexander A",25,1/2-1/2
1927.11.08,1927.09.16,World Championship 13th,Buenos Aires ARG,D64,"Alekhine, Alexander A","Capablanca, Jose Raul",26,1/2-1/2
1927.11.09,1927.09.16,World Championship 13th,Buenos Aires ARG,D65,"Capablanca, Jose Raul","Alekhine, Alexander A",27,1/2-1/2
1927.11.10,1927.09.16,World Championship 13th,Buenos Aires ARG,D67,"Alekhine, Alexander A","Capablanca, Jose Raul",28,1/2-1/2
1927.11.14,1927.09.16,World Championship 13th,Buenos Aires ARG,D52,"Capablanca, Jose Raul","Alekhine, Alexander A",29,1-0
1927.11.16,1927.09.16,World Championship 13th,Buenos Aires ARG,D67,"Alekhine, Alexander A","Capablanca, Jose Raul",30,1/2-1/2
1927.11.18,1927.09.16,World Championship 13th,Buenos Aires ARG,D51,"Capablanca, Jose Raul","Alekhine, Alexander A",31,1/2-1/2
1927.11.22,1927.09.16,World Championship 13th,Buenos Aires ARG,D35,"Alekhine, Alexander A","Capablanca, Jose Raul",32,1-0
1927.11.25,1927.09.16,World Championship 13th,Buenos Aires ARG,D51,"Capablanca, Jose Raul","Alekhine, Alexander A",33,1/2-1/2
1927.11.26,1927.09.16,World Championship 13th,Buenos Aires ARG,D51,"Alekhine, Alexander A","Capablanca, Jose Raul",34,1-0
1929.09.06,1929.09.06,World Championship 14th,GER/NLD,D16,"Alekhine, Alexander A","Bogoljubow, Efim D",1,1-0
1929.09.07,1929.09.06,World Championship 14th,GER/NLD,E23,"Bogoljubow, Efim D","Alekhine, Alexander A",2,1/2-1/2
1929.09.09,1929.09.06,World Championship 14th,GER/NLD,D17,"Alekhine, Alexander A","Bogoljubow, Efim D",3,1/2-1/2
1929.09.11,1929.09.06,World Championship 14th,GER/NLD,E38,"Bogoljubow, Efim D","Alekhine, Alexander A",4,1-0
1929.09.13,1929.09.06,World Championship 14th,GER/NLD,D17,"Alekhine, Alexander A","Bogoljubow, Efim D",5,1-0
1929.09.15,1929.09.06,World Championship 14th,GER/NLD,E22,"Bogoljubow, Efim D","Alekhine, Alexander A",6,1-0
1929.09.17,1929.09.06,World Championship 14th,GER/NLD,D78,"Alekhine, Alexander A","Bogoljubow, Efim D",7,1-0
1929.09.19,1929.09.06,World Championship 14th,GER/NLD,A50,"Bogoljubow, Efim D","Alekhine, Alexander A",8,0-1
1929.10.03,1929.09.06,World Championship 14th,GER/NLD,D52,"Alekhine, Alexander A","Bogoljubow, Efim D",9,1/2-1/2
1929.10.05,1929.09.06,World Championship 14th,GER/NLD,D52,"Bogoljubow, Efim D","Alekhine, Alexander A",10,0-1
1929.10.07,1929.09.06,World Championship 14th,GER/NLD,D51,"Alekhine, Alexander A","Bogoljubow, Efim D",11,1/2-1/2
1929.10.11,1929.09.06,World Championship 14th,GER/NLD,D52,"Bogoljubow, Efim D","Alekhine, Alexander A",12,0-1
1929.10.13,1929.09.06,World Championship 14th,GER/NLD,D52,"Alekhine, Alexander A","Bogoljubow, Efim D",13,0-1
1929.10.15,1929.09.06,World Championship 14th,GER/NLD,D30,"Bogoljubow, Efim D","Alekhine, Alexander A",14,1-0
1929.10.17,1929.09.06,World Championship 14th,GER/NLD,E70,"Alekhine, Alexander A","Bogoljubow, Efim D",15,1/2-1/2
1929.10.19,1929.09.06,World Championship 14th,GER/NLD,D30,"Bogoljubow, Efim D","Alekhine, Alexander A",16,0-1
1929.10.21,1929.09.06,World Championship 14th,GER/NLD,D70,"Alekhine, Alexander A","Bogoljubow, Efim D",17,1-0
1929.10.26,1929.09.06,World Championship 14th,GER/NLD,C11,"Bogoljubow, Efim D","Alekhine, Alexander A",18,1-0
1929.10.27,1929.09.06,World Championship 14th,GER/NLD,D51,"Alekhine, Alexander A","Bogoljubow, Efim D",19,1-0
1929.10.30,1929.09.06,World Championship 14th,GER/NLD,C79,"Bogoljubow, Efim D","Alekhine, Alexander A",20,1/2-1/2
1929.11.01,1929.09.06,World Championship 14th,GER/NLD,E22,"Alekhine, Alexander A","Bogoljubow, Efim D",21,1-0
1929.11.03,1929.09.06,World Championship 14th,GER/NLD,C76,"Bogoljubow, Efim D","Alekhine, Alexander A",22,0-1
1929.11.05,1929.09.06,World Championship 14th,GER/NLD,D46,"Alekhine, Alexander A","Bogoljubow, Efim D",23,1/2-1/2
1929.11.10,1929.09.06,World Championship 14th,GER/NLD,C11,"Bogoljubow, Efim D","Alekhine, Alexander A",24,1/2-1/2
1929.11.11,1929.09.06,World Championship 14th,GER/NLD,D30,"Alekhine, Alexander A","Bogoljubow, Efim D",25,1/2-1/2
1934.04.01,1934.04.01,World Championship 15th,GER,D50,"Bogoljubow, Efim D","Alekhine, Alexander A",1,1/2-1/2
1934.04.04,1934.04.01,World Championship 15th,GER,D48,"Alekhine, Alexander A","Bogoljubow, Efim D",2,1-0
1934.04.06,1934.04.01,World Championship 15th,GER,D22,"Bogoljubow, Efim D","Alekhine, Alexander A",3,1/2-1/2
1934.04.11,1934.04.01,World Championship 15th,GER,D31,"Alekhine, Alexander A","Bogoljubow, Efim D",4,1-0
1934.04.13,1934.04.01,World Championship 15th,GER,D26,"Bogoljubow, Efim D","Alekhine, Alexander A",5,1/2-1/2
1934.04.18,1934.04.01,World Championship 15th,GER,D30,"Alekhine, Alexander A","Bogoljubow, Efim D",6,1/2-1/2
1934.04.20,1934.04.01,World Championship 15th,GER,D28,"Bogoljubow, Efim D","Alekhine, Alexander A",7,1/2-1/2
1934.04.22,1934.04.01,World Championship 15th,GER,E24,"Alekhine, Alexander A","Bogoljubow, Efim D",8,1/2-1/2
1934.04.25,1934.04.01,World Championship 15th,GER,A44,"Bogoljubow, Efim D","Alekhine, Alexander A",9,0-1
1934.04.27,1934.04.01,World Championship 15th,GER,D52,"Alekhine, Alexander A","Bogoljubow, Efim D",10,0-1
1934.04.29,1934.04.01,World Championship 15th,GER,A91,"Bogoljubow, Efim D","Alekhine, Alexander A",11,0-1
1934.05.02,1934.04.01,World Championship 15th,GER,D49,"Alekhine, Alexander A","Bogoljubow, Efim D",12,1/2-1/2
1934.05.06,1934.04.01,World Championship 15th,GER,A47,"Bogoljubow, Efim D","Alekhine, Alexander A",13,1/2-1/2
1934.05.08,1934.04.01,World Championship 15th,GER,D60,"Alekhine, Alexander A","Bogoljubow, Efim D",14,1/2-1/2
1934.05.11,1934.04.01,World Championship 15th,GER,D21,"Bogoljubow, Efim D","Alekhine, Alexander A",15,1/2-1/2
1934.05.13,1934.04.01,World Championship 15th,GER,C77,"Alekhine, Alexander A","Bogoljubow, Efim D",16,1-0
1934.05.20,1934.04.01,World Championship 15th,GER,D24,"Bogoljubow, Efim D","Alekhine, Alexander A",17,0-1
1934.05.21,1934.04.01,World Championship 15th,GER,D05,"Alekhine, Alexander A","Bogoljubow, Efim D",18,1/2-1/2
1934.05.26,1934.04.01,World Championship 15th,GER,D27,"Bogoljubow, Efim D","Alekhine, Alexander A",19,1/2-1/2
1934.05.27,1934.04.01,World Championship 15th,GER,D52,"Alekhine, Alexander A","Bogoljubow, Efim D",20,1/2-1/2
1934.05.30,1934.04.01,World Championship 15th,GER,D30,"Bogoljubow, Efim D","Alekhine, Alexander A",21,0-1
1934.06.01,1934.04.01,World Championship 15th,GER,E35,"Alekhine, Alexander A","Bogoljubow, Efim D",22,1/2-1/2
1934.06.03,1934.04.01,World Championship 15th,GER,D23,"Bogoljubow, Efim D","Alekhine, Alexander A",23,1-0
1934.06.06,1934.04.01,World Championship 15th,GER,D30,"Alekhine, Alexander A","Bogoljubow, Efim D",24,0-1
1934.06.11,1934.04.01,World Championship 15th,GER,D11,"Bogoljubow, Efim D","Alekhine, Alexander A",25,0-1
1934.06.14,1934.04.01,World Championship 15th,GER,E67,"Alekhine, Alexander A","Bogoljubow, Efim D",26,1/2-1/2
1935.10.03,1935.10.03,World Championship 16th,NLD,D17,"Alekhine, Alexander A","Euwe, Max",1,1-0
1935.10.06,1935.10.03,World Championship 16th,NLD,D81,"Euwe, Max","Alekhine, Alexander A",2,1-0
1935.10.08,1935.10.03,World Championship 16th,NLD,C15,"Alekhine, Alexander A","Euwe, Max",3,1-0
1935.10.10,1935.10.03,World Championship 16th,NLD,D81,"Euwe, Max","Alekhine, Alexander A",4,0-1
1935.10.12,1935.10.03,World Championship 16th,NLD,C15,"Alekhine, Alexander A","Euwe, Max",5,1/2-1/2
1935.10.15,1935.10.03,World Championship 16th,NLD,D12,"Euwe, Max","Alekhine, Alexander A",6,1/2-1/2
1935.10.17,1935.10.03,World Championship 16th,NLD,C15,"Alekhine, Alexander A","Euwe, Max",7,1-0
1935.10.20,1935.10.03,World Championship 16th,NLD,D45,"Euwe, Max","Alekhine, Alexander A",8,1-0
1935.10.22,1935.10.03,World Championship 16th,NLD,C15,"Alekhine, Alexander A","Euwe, Max",9,1-0
1935.10.24,1935.10.03,World Championship 16th,NLD,D45,"Euwe, Max","Alekhine, Alexander A",10,1-0
1935.10.27,1935.10.03,World Championship 16th,NLD,D12,"Alekhine, Alexander A","Euwe, Max",11,1/2-1/2
1935.10.29,1935.10.03,World Championship 16th,NLD,D97,"Euwe, Max","Alekhine, Alexander A",12,1-0
1935.11.01,1935.10.03,World Championship 16th,NLD,C83,"Alekhine, Alexander A","Euwe, Max",13,1/2-1/2
1935.11.02,1935.10.03,World Championship 16th,NLD,D82,"Euwe, Max","Alekhine, Alexander A",14,1-0
1935.11.05,1935.10.03,World Championship 16th,NLD,D17,"Alekhine, Alexander A","Euwe, Max",15,1/2-1/2
1935.11.07,1935.10.03,World Championship 16th,NLD,D12,"Euwe, Max","Alekhine, Alexander A",16,0-1
1935.11.09,1935.10.03,World Championship 16th,NLD,D04,"Alekhine, Alexander A","Euwe, Max",17,1/2-1/2
1935.11.12,1935.10.03,World Championship 16th,NLD,A20,"Euwe, Max","Alekhine, Alexander A",18,1/2-1/2
1935.11.14,1935.10.03,World Championship 16th,NLD,D16,"Alekhine, Alexander A","Euwe, Max",19,1-0
1935.11.16,1935.10.03,World Championship 16th,NLD,D17,"Euwe, Max","Alekhine, Alexander A",20,1-0
1935.11.19,1935.10.03,World Championship 16th,NLD,D17,"Alekhine, Alexander A","Euwe, Max",21,0-1
1935.11.24,1935.10.03,World Championship 16th,NLD,E33,"Euwe, Max","Alekhine, Alexander A",22,1/2-1/2
1935.11.26,1935.10.03,World Championship 16th,NLD,D15,"Alekhine, Alexander A","Euwe, Max",23,1/2-1/2
1935.11.28,1935.10.03,World Championship 16th,NLD,A90,"Euwe, Max","Alekhine, Alexander A",24,1/2-1/2
1935.12.01,1935.10.03,World Championship 16th,NLD,D52,"Alekhine, Alexander A","Euwe, Max",25,0-1
1935.12.03,1935.10.03,World Championship 16th,NLD,E18,"Euwe, Max","Alekhine, Alexander A",26,1-0
1935.12.06,1935.10.03,World Championship 16th,NLD,C27,"Alekhine, Alexander A","Euwe, Max",27,1-0
1935.12.08,1935.10.03,World Championship 16th,NLD,D66,"Euwe, Max","Alekhine, Alexander A",28,1/2-1/2
1935.12.12,1935.10.03,World Championship 16th,NLD,B05,"Alekhine, Alexander A","Euwe, Max",29,1/2-1/2
1935.12.15,1935.10.03,World Championship 16th,NLD,D21,"Euwe, Max","Alekhine, Alexander A",30,1/2-1/2
1937.10.05,1937.10.05,World Championship 17th,NLD,D17,"Euwe, Max","Alekhine, Alexander A",1,1-0
1937.10.07,1937.10.05,World Championship 17th,NLD,D17,"Alekhine, Alexander A","Euwe, Max",2,1-0
1937.10.10,1937.10.05,World Championship 17th,NLD,D46,"Euwe, Max","Alekhine, Alexander A",3,1/2-1/2
1937.10.12,1937.10.05,World Championship 17th,NLD,D17,"Alekhine, Alexander A","Euwe, Max",4,1/2-1/2
1937.10.14,1937.10.05,World Championship 17th,NLD,D28,"Euwe, Max","Alekhine, Alexander A",5,1-0
1937.10.16,1937.10.05,World Championship 17th,NLD,D10,"Alekhine, Alexander A","Euwe, Max",6,1-0
1937.10.19,1937.10.05,World Championship 17th,NLD,D18,"Euwe, Max","Alekhine, Alexander A",7,0-1
1937.10.21,1937.10.05,World Championship 17th,NLD,E34,"Alekhine, Alexander A","Euwe, Max",8,1-0
1937.10.24,1937.10.05,World Championship 17th,NLD,D18,"Euwe, Max","Alekhine, Alexander A",9,1/2-1/2
1937.10.26,1937.10.05,World Championship 17th,NLD,E34,"Alekhine, Alexander A","Euwe, Max",10,1-0
1937.10.30,1937.10.05,World Championship 17th,NLD,D17,"Euwe, Max","Alekhine, Alexander A",11,1/2-1/2
1937.11.01,1937.10.05,World Championship 17th,NLD,E34,"Alekhine, Alexander A","Euwe, Max",12,1/2-1/2
1937.11.03,1937.10.05,World Championship 17th,NLD,D18,"Euwe, Max","Alekhine, Alexander A",13,1-0
1937.11.06,1937.10.05,World Championship 17th,NLD,E02,"Alekhine, Alexander A","Euwe, Max",14,1-0
1937.11.09,1937.10.05,World Championship 17th,NLD,D19,"Euwe, Max","Alekhine, Alexander A",15,1/2-1/2
1937.11.11,1937.10.05,World Championship 17th,NLD,E02,"Alekhine, Alexander A","Euwe, Max",16,1/2-1/2
1937.11.14,1937.10.05,World Championship 17th,NLD,D19,"Euwe, Max","Alekhine, Alexander A",17,1-0
1937.11.18,1937.10.05,World Championship 17th,NLD,D41,"Alekhine, Alexander A","Euwe, Max",18,1/2-1/2
1937.11.20,1937.10.05,World Championship 17th,NLD,E21,"Euwe, Max","Alekhine, Alexander A",19,1/2-1/2
1937.11.23,1937.10.05,World Championship 17th,NLD,E34,"Alekhine, Alexander A","Euwe, Max",20,1/2-1/2
1937.11.25,1937.10.05,World Championship 17th,NLD,E18,"Euwe, Max","Alekhine, Alexander A",21,0-1
1937.11.27,1937.10.05,World Championship 17th,NLD,A09,"Alekhine, Alexander A","Euwe, Max",22,1-0
1937.11.30,1937.10.05,World Championship 17th,NLD,E17,"Euwe, Max","Alekhine, Alexander A",23,1/2-1/2
1937.12.02,1937.10.05,World Championship 17th,NLD,D41,"Alekhine, Alexander A","Euwe, Max",24,1-0
1937.12.04,1937.10.05,World Championship 17th,NLD,E46,"Euwe, Max","Alekhine, Alexander A",25,0-1
1948.03.02,1948.03.02,World Championship 18th,NLD/URS,C75,"Euwe, Max","Keres, Paul",1,0-1
1948.03.02,1948.03.02,World Championship 18th,NLD/URS,C99,"Smyslov, Vassily V","Reshevsky, Samuel H",1,1/2-1/2
1948.03.04,1948.03.02,World Championship 18th,NLD/URS,D46,"Botvinnik, Mikhail M","Euwe, Max",2,1-0
1948.03.04,1948.03.02,World Championship 18th,NLD/URS,D94,"Keres, Paul","Smyslov, Vassily V",2,1-0
1948.03.08,1948.03.02,World Championship 18th,NLD/URS,E91,"Reshevsky, Samuel H","Keres, Paul",3,1-0
1948.03.08,1948.03.02,World Championship 18th,NLD/URS,D96,"Smyslov, Vassily V","Botvinnik, Mikhail M",3,1/2-1/2
1948.03.09,1948.03.02,World Championship 18th,NLD/URS,E51,"Botvinnik, Mikhail M","Reshevsky, Samuel H",4,1-0
1948.03.09,1948.03.02,World Championship 18th,NLD/URS,C98,"Euwe, Max","Smyslov, Vassily V",4,0-1
1948.03.11,1948.03.02,World Championship 18th,NLD/URS,A13,"Keres, Paul","Botvinnik, Mikhail M",5,0-1
1948.03.11,1948.03.02,World Championship 18th,NLD/URS,D46,"Reshevsky, Samuel H","Euwe, Max",5,1-0
1948.03.15,1948.03.02,World Championship 18th,NLD/URS,C86,"Keres, Paul","Euwe, Max",6,1/2-1/2
1948.03.15,1948.03.02,World Championship 18th,NLD/URS,D17,"Reshevsky, Samuel H","Smyslov, Vassily V",6,1/2-1/2
1948.03.16,1948.03.02,World Championship 18th,NLD/URS,C08,"Euwe, Max","Botvinnik, Mikhail M",7,1/2-1/2
1948.03.16,1948.03.02,World Championship 18th,NLD/URS,E02,"Smyslov, Vassily V","Keres, Paul",7,0-1
1948.03.18,1948.03.02,World Championship 18th,NLD/URS,D98,"Botvinnik, Mikhail M","Smyslov, Vassily V",8,1/2-1/2
1948.03.18,1948.03.02,World Championship 18th,NLD/URS,C71,"Keres, Paul","Reshevsky, Samuel H",8,1/2-1/2
1948.03.23,1948.03.02,World Championship 18th,NLD/URS,A91,"Reshevsky, Samuel H","Botvinnik, Mikhail M",9,1/2-1/2
1948.03.23,1948.03.02,World Championship 18th,NLD/URS,C90,"Smyslov, Vassily V","Euwe, Max",9,1-0
1948.03.25,1948.03.02,World Championship 18th,NLD/URS,C75,"Euwe, Max","Reshevsky, Samuel H",10,1/2-1/2
1948.04.11,1948.03.02,World Championship 18th,NLD/URS,C74,"Euwe, Max","Keres, Paul",11,0-1
1948.04.11,1948.03.02,World Championship 18th,NLD/URS,C75,"Smyslov, Vassily V","Reshevsky, Samuel H",11,1-0
1948.04.13,1948.03.02,World Championship 18th,NLD/URS,D49,"Botvinnik, Mikhail M","Euwe, Max",12,1-0
1948.04.13,1948.03.02,World Championship 18th,NLD/URS,D99,"Keres, Paul","Smyslov, Vassily V",12,1/2-1/2
1948.04.19,1948.03.02,World Championship 18th,NLD/URS,D45,"Reshevsky, Samuel H","Keres, Paul",13,0-1
1948.04.18,1948.03.02,World Championship 18th,NLD/URS,E29,"Botvinnik, Mikhail M","Reshevsky, Samuel H",14,0-1
1948.04.18,1948.03.02,World Championship 18th,NLD/URS,D99,"Euwe, Max","Smyslov, Vassily V",14,1-0
1948.04.20,1948.03.02,World Championship 18th,NLD/URS,C08,"Keres, Paul","Botvinnik, Mikhail M",15,0-1
1948.04.20,1948.03.02,World Championship 18th,NLD/URS,A13,"Reshevsky, Samuel H","Euwe, Max",15,1/2-1/2
1948.04.22,1948.03.02,World Championship 18th,NLD/URS,C81,"Keres, Paul","Euwe, Max",16,1-0
1948.04.22,1948.03.02,World Championship 18th,NLD/URS,D19,"Reshevsky, Samuel H","Smyslov, Vassily V",16,1/2-1/2
1948.04.25,1948.03.02,World Championship 18th,NLD/URS,C08,"Euwe, Max","Botvinnik, Mikhail M",17,1/2-1/2
1948.04.25,1948.03.02,World Championship 18th,NLD/URS,D36,"Smyslov, Vassily V","Keres, Paul",17,1-0
1948.04.27,1948.03.02,World Championship 18th,NLD/URS,D76,"Botvinnik, Mikhail M","Smyslov, Vassily V",18,1/2-1/2
1948.04.27,1948.03.02,World Championship 18th,NLD/URS,C81,"Keres, Paul","Reshevsky, Samuel H",18,0-1
1948.05.03,1948.03.02,World Championship 18th,NLD/URS,C18,"Reshevsky, Samuel H","Botvinnik, Mikhail M",19,0-1
1948.05.03,1948.03.02,World Championship 18th,NLD/URS,C81,"Smyslov, Vassily V","Euwe, Max",19,1-0
1948.05.04,1948.03.02,World Championship 18th,NLD/URS,D06,"Botvinnik, Mikhail M","Keres, Paul",20,1-0
1948.05.04,1948.03.02,World Championship 18th,NLD/URS,E33,"Euwe, Max","Reshevsky, Samuel H",20,0-1
1948.05.06,1948.03.02,World Championship 18th,NLD/URS,E32,"Euwe, Max","Keres, Paul",21,0-1
1948.05.06,1948.03.02,World Championship 18th,NLD/URS,C81,"Smyslov, Vassily V","Reshevsky, Samuel H",21,1/2-1/2
1948.05.09,1948.03.02,World Championship 18th,NLD/URS,D35,"Botvinnik, Mikhail M","Euwe, Max",22,1/2-1/2
1948.05.09,1948.03.02,World Championship 18th,NLD/URS,A16,"Keres, Paul","Smyslov, Vassily V",22,1/2-1/2
1948.05.11,1948.03.02,World Championship 18th,NLD/URS,E32,"Reshevsky, Samuel H","Keres, Paul",23,1/2-1/2
1948.05.11,1948.03.02,World Championship 18th,NLD/URS,D22,"Smyslov, Vassily V","Botvinnik, Mikhail M",23,1/2-1/2
1948.05.13,1948.03.02,World Championship 18th,NLD/URS,C49,"Botvinnik, Mikhail M","Reshevsky, Samuel H",24,1-0
1948.05.13,1948.03.02,World Championship 18th,NLD/URS,D99,"Euwe, Max","Smyslov, Vassily V",24,0-1
1948.05.16,1948.03.02,World Championship 18th,NLD/URS,C15,"Keres, Paul","Botvinnik, Mikhail M",25,1-0
1948.05.16,1948.03.02,World Championship 18th,NLD/URS,D40,"Reshevsky, Samuel H","Euwe, Max",25,1-0
1951.03.16,1951.03.16,World Championship 19th,Moscow RUS,A91,"Botvinnik, Mikhail M","Bronstein, David I",1,1/2-1/2
1951.03.18,1951.03.16,World Championship 19th,Moscow RUS,D87,"Bronstein, David I","Botvinnik, Mikhail M",2,1/2-1/2
1951.03.20,1951.03.16,World Championship 19th,Moscow RUS,C08,"Botvinnik, Mikhail M","Bronstein, David I",3,1/2-1/2
1951.03.23,1951.03.16,World Championship 19th,Moscow RUS,D90,"Bronstein, David I","Botvinnik, Mikhail M",4,1/2-1/2
1951.03.25,1951.03.16,World Championship 19th,Moscow RUS,E43,"Botvinnik, Mikhail M","Bronstein, David I",5,0-1
1951.03.26,1951.03.16,World Championship 19th,Moscow RUS,B63,"Bronstein, David I","Botvinnik, Mikhail M",6,0-1
1951.03.30,1951.03.16,World Championship 19th,Moscow RUS,A94,"Botvinnik, Mikhail M","Bronstein, David I",7,1-0
1951.04.01,1951.03.16,World Championship 19th,Moscow RUS,D49,"Bronstein, David I","Botvinnik, Mikhail M",8,1/2-1/2
1951.04.03,1951.03.16,World Championship 19th,Moscow RUS,A91,"Botvinnik, Mikhail M","Bronstein, David I",9,1/2-1/2
1951.04.06,1951.03.16,World Championship 19th,Moscow RUS,A85,"Bronstein, David I","Botvinnik, Mikhail M",10,1/2-1/2
1951.04.08,1951.03.16,World Championship 19th,Moscow RUS,E17,"Botvinnik, Mikhail M","Bronstein, David I",11,0-1
1951.04.10,1951.03.16,World Championship 19th,Moscow RUS,A85,"Bronstein, David I","Botvinnik, Mikhail M",12,0-1
1951.04.13,1951.03.16,World Championship 19th,Moscow RUS,E44,"Botvinnik, Mikhail M","Bronstein, David I",13,1/2-1/2
1951.04.15,1951.03.16,World Championship 19th,Moscow RUS,A08,"Bronstein, David I","Botvinnik, Mikhail M",14,1/2-1/2
1951.04.17,1951.03.16,World Championship 19th,Moscow RUS,C08,"Botvinnik, Mikhail M","Bronstein, David I",15,1/2-1/2
1951.04.20,1951.03.16,World Championship 19th,Moscow RUS,A91,"Bronstein, David I","Botvinnik, Mikhail M",16,1/2-1/2
1951.04.22,1951.03.16,World Championship 19th,Moscow RUS,E45,"Botvinnik, Mikhail M","Bronstein, David I",17,0-1
1951.04.24,1951.03.16,World Championship 19th,Moscow RUS,D15,"Bronstein, David I","Botvinnik, Mikhail M",18,1/2-1/2
1951.04.27,1951.03.16,World Championship 19th,Moscow RUS,D74,"Botvinnik, Mikhail M","Bronstein, David I",19,1-0
1951.04.29,1951.03.16,World Championship 19th,Moscow RUS,A14,"Bronstein, David I","Botvinnik, Mikhail M",20,1/2-1/2
1951.05.04,1951.03.16,World Championship 19th,Moscow RUS,E69,"Botvinnik, Mikhail M","Bronstein, David I",21,0-1
1951.05.06,1951.03.16,World Championship 19th,Moscow RUS,A91,"Bronstein, David I","Botvinnik, Mikhail M",22,1-0
1951.05.08,1951.03.16,World Championship 19th,Moscow RUS,D71,"Botvinnik, Mikhail M","Bronstein, David I",23,1-0
1951.05.11,1951.03.16,World Championship 19th,Moscow RUS,D44,"Bronstein, David I","Botvinnik, Mikhail M",24,1/2-1/2
1954.03.16,1954.03.16,World Championship 20th,Moscow RUS,C17,"Smyslov, Vassily V","Botvinnik, Mikhail M",1,0-1
1954.03.18,1954.03.16,World Championship 20th,Moscow RUS,E45,"Botvinnik, Mikhail M","Smyslov, Vassily V",2,1-0
1954.03.20,1954.03.16,World Championship 20th,Moscow RUS,C17,"Smyslov, Vassily V","Botvinnik, Mikhail M",3,1/2-1/2
1954.03.23,1954.03.16,World Championship 20th,Moscow RUS,D22,"Botvinnik, Mikhail M","Smyslov, Vassily V",4,1-0
1954.03.25,1954.03.16,World Championship 20th,Moscow RUS,D44,"Smyslov, Vassily V","Botvinnik, Mikhail M",5,1/2-1/2
1954.03.27,1954.03.16,World Championship 20th,Moscow RUS,D86,"Botvinnik, Mikhail M","Smyslov, Vassily V",6,1/2-1/2
1954.03.30,1954.03.16,World Championship 20th,Moscow RUS,C15,"Smyslov, Vassily V","Botvinnik, Mikhail M",7,1-0
1954.04.01,1954.03.16,World Championship 20th,Moscow RUS,D06,"Botvinnik, Mikhail M","Smyslov, Vassily V",8,1/2-1/2
1954.04.03,1954.03.16,World Championship 20th,Moscow RUS,C17,"Smyslov, Vassily V","Botvinnik, Mikhail M",9,1-0
1954.04.06,1954.03.16,World Championship 20th,Moscow RUS,D22,"Botvinnik, Mikhail M","Smyslov, Vassily V",10,0-1
1954.04.08,1954.03.16,World Championship 20th,Moscow RUS,C73,"Smyslov, Vassily V","Botvinnik, Mikhail M",11,1-0
1954.04.10,1954.03.16,World Championship 20th,Moscow RUS,D18,"Botvinnik, Mikhail M","Smyslov, Vassily V",12,1-0
1954.04.13,1954.03.16,World Championship 20th,Moscow RUS,B24,"Smyslov, Vassily V","Botvinnik, Mikhail M",13,0-1
1954.04.15,1954.03.16,World Championship 20th,Moscow RUS,E68,"Botvinnik, Mikhail M","Smyslov, Vassily V",14,0-1
1954.04.17,1954.03.16,World Championship 20th,Moscow RUS,B25,"Smyslov, Vassily V","Botvinnik, Mikhail M",15,0-1
1954.04.20,1954.03.16,World Championship 20th,Moscow RUS,E61,"Botvinnik, Mikhail M","Smyslov, Vassily V",16,1-0
1954.04.22,1954.03.16,World Championship 20th,Moscow RUS,A04,"Smyslov, Vassily V","Botvinnik, Mikhail M",17,1/2-1/2
1954.04.24,1954.03.16,World Championship 20th,Moscow RUS,E61,"Botvinnik, Mikhail M","Smyslov, Vassily V",18,1/2-1/2
1954.04.29,1954.03.16,World Championship 20th,Moscow RUS,C15,"Smyslov, Vassily V","Botvinnik, Mikhail M",19,1/2-1/2
1954.05.04,1954.03.16,World Championship 20th,Moscow RUS,E61,"Botvinnik, Mikhail M","Smyslov, Vassily V",20,0-1
1954.05.06,1954.03.16,World Championship 20th,Moscow RUS,C15,"Smyslov, Vassily V","Botvinnik, Mikhail M",21,1/2-1/2
1954.05.08,1954.03.16,World Championship 20th,Moscow RUS,D83,"Botvinnik, Mikhail M","Smyslov, Vassily V",22,1/2-1/2
1954.05.11,1954.03.16,World Championship 20th,Moscow RUS,A04,"Smyslov, Vassily V","Botvinnik, Mikhail M",23,1-0
1954.05.13,1954.03.16,World Championship 20th,Moscow RUS,E69,"Botvinnik, Mikhail M","Smyslov, Vassily V",24,1/2-1/2
1957.03.05,1957.03.05,World Championship 21th,Moscow RUS,A36,"Botvinnik, Mikhail M","Smyslov, Vassily V",1,0-1
1957.03.07,1957.03.05,World Championship 21th,Moscow RUS,B66,"Smyslov, Vassily V","Botvinnik, Mikhail M",2,1/2-1/2
1957.03.09,1957.03.05,World Championship 21th,Moscow RUS,E66,"Botvinnik, Mikhail M","Smyslov, Vassily V",3,1/2-1/2
1957.03.12,1957.03.05,World Championship 21th,Moscow RUS,B66,"Smyslov, Vassily V","Botvinnik, Mikhail M",4,0-1
1957.03.16,1957.03.05,World Championship 21th,Moscow RUS,E62,"Botvinnik, Mikhail M","Smyslov, Vassily V",5,1-0
1957.03.19,1957.03.05,World Championship 21th,Moscow RUS,D98,"Smyslov, Vassily V","Botvinnik, Mikhail M",6,1-0
1957.03.21,1957.03.05,World Championship 21th,Moscow RUS,E45,"Botvinnik, Mikhail M","Smyslov, Vassily V",7,1/2-1/2
1957.03.23,1957.03.05,World Championship 21th,Moscow RUS,B66,"Smyslov, Vassily V","Botvinnik, Mikhail M",8,1-0
1957.03.26,1957.03.05,World Championship 21th,Moscow RUS,E62,"Botvinnik, Mikhail M","Smyslov, Vassily V",9,1/2-1/2
1957.03.28,1957.03.05,World Championship 21th,Moscow RUS,C98,"Smyslov, Vassily V","Botvinnik, Mikhail M",10,1/2-1/2
1957.03.30,1957.03.05,World Championship 21th,Moscow RUS,D79,"Botvinnik, Mikhail M","Smyslov, Vassily V",11,1/2-1/2
1957.04.02,1957.03.05,World Championship 21th,Moscow RUS,A42,"Smyslov, Vassily V","Botvinnik, Mikhail M",12,1-0
1957.04.04,1957.03.05,World Championship 21th,Moscow RUS,E45,"Botvinnik, Mikhail M","Smyslov, Vassily V",13,1-0
1957.04.06,1957.03.05,World Championship 21th,Moscow RUS,C18,"Smyslov, Vassily V","Botvinnik, Mikhail M",14,1/2-1/2
1957.04.09,1957.03.05,World Championship 21th,Moscow RUS,E45,"Botvinnik, Mikhail M","Smyslov, Vassily V",15,1/2-1/2
1957.04.11,1957.03.05,World Championship 21th,Moscow RUS,C98,"Smyslov, Vassily V","Botvinnik, Mikhail M",16,1/2-1/2
1957.04.13,1957.03.05,World Championship 21th,Moscow RUS,D73,"Botvinnik, Mikhail M","Smyslov, Vassily V",17,0-1
1957.04.18,1957.03.05,World Championship 21th,Moscow RUS,C15,"Smyslov, Vassily V","Botvinnik, Mikhail M",18,1/2-1/2
1957.04.20,1957.03.05,World Championship 21th,Moscow RUS,A36,"Botvinnik, Mikhail M","Smyslov, Vassily V",19,1/2-1/2
1957.04.23,1957.03.05,World Championship 21th,Moscow RUS,C18,"Smyslov, Vassily V","Botvinnik, Mikhail M",20,1-0
1957.04.25,1957.03.05,World Championship 21th,Moscow RUS,D79,"Botvinnik, Mikhail M","Smyslov, Vassily V",21,1/2-1/2
1957.04.27,1957.03.05,World Championship 21th,Moscow RUS,C11,"Smyslov, Vassily V","Botvinnik, Mikhail M",22,1/2-1/2
1958.03.04,1958.03.04,World Championship 22th,Moscow RUS,B11,"Smyslov, Vassily V","Botvinnik, Mikhail M",1,0-1
1958.03.06,1958.03.04,World Championship 22th,Moscow RUS,E81,"Botvinnik, Mikhail M","Smyslov, Vassily V",2,1-0
1958.03.11,1958.03.04,World Championship 22th,Moscow RUS,B19,"Smyslov, Vassily V","Botvinnik, Mikhail M",3,0-1
1958.03.13,1958.03.04,World Championship 22th,Moscow RUS,D98,"Botvinnik, Mikhail M","Smyslov, Vassily V",4,1/2-1/2
1958.03.18,1958.03.04,World Championship 22th,Moscow RUS,B72,"Smyslov, Vassily V","Botvinnik, Mikhail M",5,1-0
1958.03.20,1958.03.04,World Championship 22th,Moscow RUS,E81,"Botvinnik, Mikhail M","Smyslov, Vassily V",6,1-0
1958.03.22,1958.03.04,World Championship 22th,Moscow RUS,B72,"Smyslov, Vassily V","Botvinnik, Mikhail M",7,1/2-1/2
1958.03.25,1958.03.04,World Championship 22th,Moscow RUS,E69,"Botvinnik, Mikhail M","Smyslov, Vassily V",8,1/2-1/2
1958.03.27,1958.03.04,World Championship 22th,Moscow RUS,B72,"Smyslov, Vassily V","Botvinnik, Mikhail M",9,1/2-1/2
1958.03.29,1958.03.04,World Championship 22th,Moscow RUS,A16,"Botvinnik, Mikhail M","Smyslov, Vassily V",10,1/2-1/2
1958.04.01,1958.03.04,World Championship 22th,Moscow RUS,D99,"Smyslov, Vassily V","Botvinnik, Mikhail M",11,1-0
1958.04.03,1958.03.04,World Championship 22th,Moscow RUS,A12,"Botvinnik, Mikhail M","Smyslov, Vassily V",12,1-0
1958.04.05,1958.03.04,World Championship 22th,Moscow RUS,D47,"Smyslov, Vassily V","Botvinnik, Mikhail M",13,1/2-1/2
1958.04.08,1958.03.04,World Championship 22th,Moscow RUS,A16,"Botvinnik, Mikhail M","Smyslov, Vassily V",14,1-0
1958.04.10,1958.03.04,World Championship 22th,Moscow RUS,B12,"Smyslov, Vassily V","Botvinnik, Mikhail M",15,1-0
1958.04.15,1958.03.04,World Championship 22th,Moscow RUS,A16,"Botvinnik, Mikhail M","Smyslov, Vassily V",16,1/2-1/2
1958.04.17,1958.03.04,World Championship 22th,Moscow RUS,B10,"Smyslov, Vassily V","Botvinnik, Mikhail M",17,1/2-1/2
1958.04.19,1958.03.04,World Championship 22th,Moscow RUS,A16,"Botvinnik, Mikhail M","Smyslov, Vassily V",18,1-0
1958.04.22,1958.03.04,World Championship 22th,Moscow RUS,B11,"Smyslov, Vassily V","Botvinnik, Mikhail M",19,1-0
1958.04.29,1958.03.04,World Championship 22th,Moscow RUS,A30,"Botvinnik, Mikhail M","Smyslov, Vassily V",20,1/2-1/2
1958.05.01,1958.03.04,World Championship 22th,Moscow RUS,B34,"Smyslov, Vassily V","Botvinnik, Mikhail M",21,1/2-1/2
1958.05.03,1958.03.04,World Championship 22th,Moscow RUS,A95,"Botvinnik, Mikhail M","Smyslov, Vassily V",22,0-1
1958.05.08,1958.03.04,World Championship 22th,Moscow RUS,A05,"Smyslov, Vassily V","Botvinnik, Mikhail M",23,1/2-1/2
1960.??.??,1960.??.??,World Championship 23th,Moscow RUS,C18,"Tal, Mikhail N","Botvinnik, Mikhail M",1,1-0
1960.??.??,1960.??.??,World Championship 23th,Moscow RUS,A61,"Botvinnik, Mikhail M","Tal, Mikhail N",2,1/2-1/2
1960.??.??,1960.??.??,World Championship 23th,Moscow RUS,B11,"Tal, Mikhail N","Botvinnik, Mikhail M",3,1/2-1/2
1960.??.??,1960.??.??,World Championship 23th,Moscow RUS,E27,"Botvinnik, Mikhail M","Tal, Mikhail N",4,1/2-1/2
1960.??.??,1960.??.??,World Championship 23th,Moscow RUS,B18,"Tal, Mikhail N","Botvinnik, Mikhail M",5,1/2-1/2
1960.??.??,1960.??.??,World Championship 23th,Moscow RUS,E69,"Botvinnik, Mikhail M","Tal, Mikhail N",6,0-1
1960.??.??,1960.??.??,World Championship 23th,Moscow RUS,B18,"Tal, Mikhail N","Botvinnik, Mikhail M",7,1-0
1960.??.??,1960.??.??,World Championship 23th,Moscow RUS,A60,"Botvinnik, Mikhail M","Tal, Mikhail N",8,1-0
1960.??.??,1960.??.??,World Championship 23th,Moscow RUS,B18,"Tal, Mikhail N","Botvinnik, Mikhail M",9,0-1
1960.??.??,1960.??.??,World Championship 23th,Moscow RUS,E89,"Botvinnik, Mikhail M","Tal, Mikhail N",10,1/2-1/2
1960.??.??,1960.??.??,World Championship 23th,Moscow RUS,D78,"Tal, Mikhail N","Botvinnik, Mikhail M",11,1-0
1960.??.??,1960.??.??,World Championship 23th,Moscow RUS,D40,"Botvinnik, Mikhail M","Tal, Mikhail N",12,1/2-1/2
1960.??.??,1960.??.??,World Championship 23th,Moscow RUS,A30,"Tal, Mikhail N","Botvinnik, Mikhail M",13,1/2-1/2
1960.??.??,1960.??.??,World Championship 23th,Moscow RUS,E24,"Botvinnik, Mikhail M","Tal, Mikhail N",14,1/2-1/2
1960.??.??,1960.??.??,World Championship 23th,Moscow RUS,B18,"Tal, Mikhail N","Botvinnik, Mikhail M",15,1/2-1/2
1960.??.??,1960.??.??,World Championship 23th,Moscow RUS,E24,"Botvinnik, Mikhail M","Tal, Mikhail N",16,1/2-1/2
1960.??.??,1960.??.??,World Championship 23th,Moscow RUS,B18,"Tal, Mikhail N","Botvinnik, Mikhail M",17,1-0
1960.??.??,1960.??.??,World Championship 23th,Moscow RUS,E24,"Botvinnik, Mikhail M","Tal, Mikhail N",18,1/2-1/2
1960.??.??,1960.??.??,World Championship 23th,Moscow RUS,A87,"Tal, Mikhail N","Botvinnik, Mikhail M",19,1-0
1960.??.??,1960.??.??,World Championship 23th,Moscow RUS,E24,"Botvinnik, Mikhail M","Tal, Mikhail N",20,1/2-1/2
1960.??.??,1960.??.??,World Championship 23th,Moscow RUS,E19,"Tal, Mikhail N","Botvinnik, Mikhail M",21,1/2-1/2
1961.03.15,1961.03.15,World Championship 24th,Moscow RUS,E51,"Botvinnik, Mikhail M","Tal, Mikhail N",1,1-0
1961.03.17,1961.03.15,World Championship 24th,Moscow RUS,B18,"Tal, Mikhail N","Botvinnik, Mikhail M",2,1-0
1961.03.20,1961.03.15,World Championship 24th,Moscow RUS,E51,"Botvinnik, Mikhail M","Tal, Mikhail N",3,1-0
1961.03.22,1961.03.15,World Championship 24th,Moscow RUS,B12,"Tal, Mikhail N","Botvinnik, Mikhail M",4,1/2-1/2
1961.03.24,1961.03.15,World Championship 24th,Moscow RUS,E51,"Botvinnik, Mikhail M","Tal, Mikhail N",5,1/2-1/2
1961.03.27,1961.03.15,World Championship 24th,Moscow RUS,B12,"Tal, Mikhail N","Botvinnik, Mikhail M",6,1/2-1/2
1961.03.29,1961.03.15,World Championship 24th,Moscow RUS,E24,"Botvinnik, Mikhail M","Tal, Mikhail N",7,1-0
1961.03.31,1961.03.15,World Championship 24th,Moscow RUS,B12,"Tal, Mikhail N","Botvinnik, Mikhail M",8,1-0
1961.04.07,1961.03.15,World Championship 24th,Moscow RUS,A23,"Botvinnik, Mikhail M","Tal, Mikhail N",9,1-0
1961.04.10,1961.03.15,World Championship 24th,Moscow RUS,B12,"Tal, Mikhail N","Botvinnik, Mikhail M",10,0-1
1961.04.12,1961.03.15,World Championship 24th,Moscow RUS,D14,"Botvinnik, Mikhail M","Tal, Mikhail N",11,1-0
1961.04.14,1961.03.15,World Championship 24th,Moscow RUS,C18,"Tal, Mikhail N","Botvinnik, Mikhail M",12,1-0
1961.04.17,1961.03.15,World Championship 24th,Moscow RUS,E85,"Botvinnik, Mikhail M","Tal, Mikhail N",13,1-0
1961.04.19,1961.03.15,World Championship 24th,Moscow RUS,B12,"Tal, Mikhail N","Botvinnik, Mikhail M",14,1/2-1/2
1961.04.21,1961.03.15,World Championship 24th,Moscow RUS,E81,"Botvinnik, Mikhail M","Tal, Mikhail N",15,1-0
1961.04.24,1961.03.15,World Championship 24th,Moscow RUS,B12,"Tal, Mikhail N","Botvinnik, Mikhail M",16,1/2-1/2
1961.04.28,1961.03.15,World Championship 24th,Moscow RUS,E81,"Botvinnik, Mikhail M","Tal, Mikhail N",17,0-1
1961.05.03,1961.03.15,World Championship 24th,Moscow RUS,B12,"Tal, Mikhail N","Botvinnik, Mikhail M",18,0-1
1961.05.05,1961.03.15,World Championship 24th,Moscow RUS,E81,"Botvinnik, Mikhail M","Tal, Mikhail N",19,0-1
1961.05.08,1961.03.15,World Championship 24th,Moscow RUS,B12,"Tal, Mikhail N","Botvinnik, Mikhail M",20,1/2-1/2
1961.05.12,1961.03.15,World Championship 24th,Moscow RUS,E87,"Botvinnik, Mikhail M","Tal, Mikhail N",21,1-0
1963.03.23,1963.03.23,World Championship 25th,Moscow RUS,E35,"Petrosian, Tigran V","Botvinnik, Mikhail M",1,0-1
1963.03.25,1963.03.23,World Championship 25th,Moscow RUS,D27,"Botvinnik, Mikhail M","Petrosian, Tigran V",2,1/2-1/2
1963.03.27,1963.03.23,World Championship 25th,Moscow RUS,E18,"Petrosian, Tigran V","Botvinnik, Mikhail M",3,1/2-1/2
1963.03.30,1963.03.23,World Championship 25th,Moscow RUS,A35,"Botvinnik, Mikhail M","Petrosian, Tigran V",4,1/2-1/2
1963.04.01,1963.03.23,World Championship 25th,Moscow RUS,D94,"Petrosian, Tigran V","Botvinnik, Mikhail M",5,1-0
1963.04.03,1963.03.23,World Championship 25th,Moscow RUS,D27,"Botvinnik, Mikhail M","Petrosian, Tigran V",6,1/2-1/2
1963.04.06,1963.03.23,World Championship 25th,Moscow RUS,A21,"Petrosian, Tigran V","Botvinnik, Mikhail M",7,1-0
1963.04.08,1963.03.23,World Championship 25th,Moscow RUS,D27,"Botvinnik, Mikhail M","Petrosian, Tigran V",8,1/2-1/2
1963.04.13,1963.03.23,World Championship 25th,Moscow RUS,E08,"Petrosian, Tigran V","Botvinnik, Mikhail M",9,1/2-1/2
1963.04.15,1963.03.23,World Championship 25th,Moscow RUS,D27,"Botvinnik, Mikhail M","Petrosian, Tigran V",10,1/2-1/2
1963.04.17,1963.03.23,World Championship 25th,Moscow RUS,D32,"Petrosian, Tigran V","Botvinnik, Mikhail M",11,1/2-1/2
1963.04.20,1963.03.23,World Championship 25th,Moscow RUS,D31,"Botvinnik, Mikhail M","Petrosian, Tigran V",12,1/2-1/2
1963.04.22,1963.03.23,World Championship 25th,Moscow RUS,E18,"Petrosian, Tigran V","Botvinnik, Mikhail M",13,1/2-1/2
1963.04.24,1963.03.23,World Championship 25th,Moscow RUS,D31,"Botvinnik, Mikhail M","Petrosian, Tigran V",14,1-0
1963.04.29,1963.03.23,World Championship 25th,Moscow RUS,D97,"Petrosian, Tigran V","Botvinnik, Mikhail M",15,1-0
1963.05.01,1963.03.23,World Championship 25th,Moscow RUS,D27,"Botvinnik, Mikhail M","Petrosian, Tigran V",16,1/2-1/2
1963.05.06,1963.03.23,World Championship 25th,Moscow RUS,E14,"Petrosian, Tigran V","Botvinnik, Mikhail M",17,1/2-1/2
1963.05.08,1963.03.23,World Championship 25th,Moscow RUS,D31,"Botvinnik, Mikhail M","Petrosian, Tigran V",18,0-1
1963.05.11,1963.03.23,World Championship 25th,Moscow RUS,E19,"Petrosian, Tigran V","Botvinnik, Mikhail M",19,1-0
1963.05.15,1963.03.23,World Championship 25th,Moscow RUS,D27,"Botvinnik, Mikhail M","Petrosian, Tigran V",20,1/2-1/2
1963.05.18,1963.03.23,World Championship 25th,Moscow RUS,A16,"Petrosian, Tigran V","Botvinnik, Mikhail M",21,1/2-1/2
1963.05.20,1963.03.23,World Championship 25th,Moscow RUS,D23,"Botvinnik, Mikhail M","Petrosian, Tigran V",22,1/2-1/2
1966.04.11,1966.04.11,World Championship 26th,Moscow RUS,B19,"Spassky, Boris V","Petrosian, Tigran V",1,1/2-1/2
1966.04.13,1966.04.11,World Championship 26th,Moscow RUS,D59,"Petrosian, Tigran V","Spassky, Boris V",2,1/2-1/2
1966.04.15,1966.04.11,World Championship 26th,Moscow RUS,D26,"Spassky, Boris V","Petrosian, Tigran V",3,1/2-1/2
1966.04.18,1966.04.11,World Championship 26th,Moscow RUS,E08,"Petrosian, Tigran V","Spassky, Boris V",4,1/2-1/2
1966.04.20,1966.04.11,World Championship 26th,Moscow RUS,B14,"Spassky, Boris V","Petrosian, Tigran V",5,1/2-1/2
1966.04.22,1966.04.11,World Championship 26th,Moscow RUS,D41,"Petrosian, Tigran V","Spassky, Boris V",6,1/2-1/2
1966.04.25,1966.04.11,World Championship 26th,Moscow RUS,D03,"Spassky, Boris V","Petrosian, Tigran V",7,0-1
1966.04.27,1966.04.11,World Championship 26th,Moscow RUS,A33,"Petrosian, Tigran V","Spassky, Boris V",8,1/2-1/2
1966.04.29,1966.04.11,World Championship 26th,Moscow RUS,D42,"Spassky, Boris V","Petrosian, Tigran V",9,1/2-1/2
1966.05.02,1966.04.11,World Championship 26th,Moscow RUS,E66,"Petrosian, Tigran V","Spassky, Boris V",10,1-0
1966.05.04,1966.04.11,World Championship 26th,Moscow RUS,C10,"Spassky, Boris V","Petrosian, Tigran V",11,1/2-1/2
1966.05.06,1966.04.11,World Championship 26th,Moscow RUS,A42,"Petrosian, Tigran V","Spassky, Boris V",12,1/2-1/2
1966.05.11,1966.04.11,World Championship 26th,Moscow RUS,B19,"Spassky, Boris V","Petrosian, Tigran V",13,1-0
1966.05.13,1966.04.11,World Championship 26th,Moscow RUS,A05,"Petrosian, Tigran V","Spassky, Boris V",14,1/2-1/2
1966.05.16,1966.04.11,World Championship 26th,Moscow RUS,B25,"Spassky, Boris V","Petrosian, Tigran V",15,1/2-1/2
1966.05.18,1966.04.11,World Championship 26th,Moscow RUS,B06,"Petrosian, Tigran V","Spassky, Boris V",16,1/2-1/2
1966.05.20,1966.04.11,World Championship 26th,Moscow RUS,B25,"Spassky, Boris V","Petrosian, Tigran V",17,1/2-1/2
1966.05.23,1966.04.11,World Championship 26th,Moscow RUS,E12,"Petrosian, Tigran V","Spassky, Boris V",18,1/2-1/2
1966.05.27,1966.04.11,World Championship 26th,Moscow RUS,C11,"Spassky, Boris V","Petrosian, Tigran V",19,1-0
1966.05.30,1966.04.11,World Championship 26th,Moscow RUS,E59,"Petrosian, Tigran V","Spassky, Boris V",20,1-0
1966.06.01,1966.04.11,World Championship 26th,Moscow RUS,C11,"Spassky, Boris V","Petrosian, Tigran V",21,1/2-1/2
1966.06.03,1966.04.11,World Championship 26th,Moscow RUS,A40,"Petrosian, Tigran V","Spassky, Boris V",22,1-0
1966.06.06,1966.04.11,World Championship 26th,Moscow RUS,C11,"Spassky, Boris V","Petrosian, Tigran V",23,1-0
1966.06.08,1966.04.11,World Championship 26th,Moscow RUS,E61,"Petrosian, Tigran V","Spassky, Boris V",24,1/2-1/2
1969.04.14,1969.04.14,World Championship 27th,Moscow RUS,B42,"Spassky, Boris V","Petrosian, Tigran V",1,0-1
1969.04.16,1969.04.14,World Championship 27th,Moscow RUS,D34,"Petrosian, Tigran V","Spassky, Boris V",2,1/2-1/2
1969.04.18,1969.04.14,World Championship 27th,Moscow RUS,B36,"Spassky, Boris V","Petrosian, Tigran V",3,1/2-1/2
1969.04.21,1969.04.14,World Championship 27th,Moscow RUS,D34,"Petrosian, Tigran V","Spassky, Boris V",4,0-1
1969.04.23,1969.04.14,World Championship 27th,Moscow RUS,D41,"Spassky, Boris V","Petrosian, Tigran V",5,1-0
1969.04.25,1969.04.14,World Championship 27th,Moscow RUS,D56,"Petrosian, Tigran V","Spassky, Boris V",6,1/2-1/2
1969.04.30,1969.04.14,World Championship 27th,Moscow RUS,D19,"Spassky, Boris V","Petrosian, Tigran V",7,1/2-1/2
1969.05.02,1969.04.14,World Championship 27th,Moscow RUS,D37,"Petrosian, Tigran V","Spassky, Boris V",8,0-1
1969.05.05,1969.04.14,World Championship 27th,Moscow RUS,A56,"Spassky, Boris V","Petrosian, Tigran V",9,1/2-1/2
1969.05.09,1969.04.14,World Championship 27th,Moscow RUS,E48,"Petrosian, Tigran V","Spassky, Boris V",10,1-0
1969.05.12,1969.04.14,World Championship 27th,Moscow RUS,E12,"Spassky, Boris V","Petrosian, Tigran V",11,0-1
1969.05.14,1969.04.14,World Championship 27th,Moscow RUS,D34,"Petrosian, Tigran V","Spassky, Boris V",12,1/2-1/2
1969.05.16,1969.04.14,World Championship 27th,Moscow RUS,C42,"Spassky, Boris V","Petrosian, Tigran V",13,1/2-1/2
1969.05.19,1969.04.14,World Championship 27th,Moscow RUS,D55,"Petrosian, Tigran V","Spassky, Boris V",14,1/2-1/2
1969.05.21,1969.04.14,World Championship 27th,Moscow RUS,C42,"Spassky, Boris V","Petrosian, Tigran V",15,1/2-1/2
1969.05.23,1969.04.14,World Championship 27th,Moscow RUS,D34,"Petrosian, Tigran V","Spassky, Boris V",16,1/2-1/2
1969.05.28,1969.04.14,World Championship 27th,Moscow RUS,B42,"Spassky, Boris V","Petrosian, Tigran V",17,1-0
1969.06.02,1969.04.14,World Championship 27th,Moscow RUS,D34,"Petrosian, Tigran V","Spassky, Boris V",18,1/2-1/2
1969.06.04,1969.04.14,World Championship 27th,Moscow RUS,B94,"Spassky, Boris V","Petrosian, Tigran V",19,1-0
1969.06.09,1969.04.14,World Championship 27th,Moscow RUS,D55,"Petrosian, Tigran V","Spassky, Boris V",20,1-0
1969.06.11,1969.04.14,World Championship 27th,Moscow RUS,C92,"Spassky, Boris V","Petrosian, Tigran V",21,1-0
1969.06.13,1969.04.14,World Championship 27th,Moscow RUS,D58,"Petrosian, Tigran V","Spassky, Boris V",22,1/2-1/2
1969.06.16,1969.04.14,World Championship 27th,Moscow RUS,B48,"Spassky, Boris V","Petrosian, Tigran V",23,1/2-1/2
1972.07.11,1972.07.11,World Championship 28th,Reykjavik ISL,E56,"Spassky, Boris V","Fischer, Robert J",1,1-0
1972.07.13,1972.07.11,World Championship 28th,Reykjavik ISL,A00,"Fischer, Robert J","Spassky, Boris V",2,0-1
1972.07.16,1972.07.11,World Championship 28th,Reykjavik ISL,A77,"Spassky, Boris V","Fischer, Robert J",3,0-1
1972.07.18,1972.07.11,World Championship 28th,Reykjavik ISL,B88,"Fischer, Robert J","Spassky, Boris V",4,1/2-1/2
1972.07.20,1972.07.11,World Championship 28th,Reykjavik ISL,E41,"Spassky, Boris V","Fischer, Robert J",5,0-1
1972.07.23,1972.07.11,World Championship 28th,Reykjavik ISL,D59,"Fischer, Robert J","Spassky, Boris V",6,1-0
1972.07.25,1972.07.11,World Championship 28th,Reykjavik ISL,B97,"Spassky, Boris V","Fischer, Robert J",7,1/2-1/2
1972.07.27,1972.07.11,World Championship 28th,Reykjavik ISL,A39,"Fischer, Robert J","Spassky, Boris V",8,1-0
1972.08.01,1972.07.11,World Championship 28th,Reykjavik ISL,D41,"Spassky, Boris V","Fischer, Robert J",9,1/2-1/2
1972.08.03,1972.07.11,World Championship 28th,Reykjavik ISL,C95,"Fischer, Robert J","Spassky, Boris V",10,1-0
1972.08.06,1972.07.11,World Championship 28th,Reykjavik ISL,B97,"Spassky, Boris V","Fischer, Robert J",11,1-0
1972.08.08,1972.07.11,World Championship 28th,Reykjavik ISL,D66,"Fischer, Robert J","Spassky, Boris V",12,1/2-1/2
1972.08.10,1972.07.11,World Championship 28th,Reykjavik ISL,B04,"Spassky, Boris V","Fischer, Robert J",13,0-1
1972.08.15,1972.07.11,World Championship 28th,Reykjavik ISL,D37,"Fischer, Robert J","Spassky, Boris V",14,1/2-1/2
1972.08.17,1972.07.11,World Championship 28th,Reykjavik ISL,B99,"Spassky, Boris V","Fischer, Robert J",15,1/2-1/2
1972.08.20,1972.07.11,World Championship 28th,Reykjavik ISL,C69,"Fischer, Robert J","Spassky, Boris V",16,1/2-1/2
1972.08.22,1972.07.11,World Championship 28th,Reykjavik ISL,B09,"Spassky, Boris V","Fischer, Robert J",17,1/2-1/2
1972.08.24,1972.07.11,World Championship 28th,Reykjavik ISL,B69,"Fischer, Robert J","Spassky, Boris V",18,1/2-1/2
1972.08.27,1972.07.11,World Championship 28th,Reykjavik ISL,B05,"Spassky, Boris V","Fischer, Robert J",19,1/2-1/2
1972.08.29,1972.07.11,World Championship 28th,Reykjavik ISL,B68,"Fischer, Robert J","Spassky, Boris V",20,1/2-1/2
1972.08.31,1972.07.11,World Championship 28th,Reykjavik ISL,B46,"Spassky, Boris V","Fischer, Robert J",21,0-1
1978.07.18,1978.07.??,World Championship 29th,Baguio City PHI,D58,"Korchnoi, Viktor L","Karpov, Anatoly",1,1/2-1/2
1978.07.20,1978.07.??,World Championship 29th,Baguio City PHI,C82,"Karpov, Anatoly","Korchnoi, Viktor L",2,1/2-1/2
1978.07.22,1978.07.??,World Championship 29th,Baguio City PHI,E42,"Korchnoi, Viktor L","Karpov, Anatoly",3,1/2-1/2
1978.07.25,1978.07.??,World Championship 29th,Baguio City PHI,C82,"Karpov, Anatoly","Korchnoi, Viktor L",4,1/2-1/2
1978.07.27,1978.07.??,World Championship 29th,Baguio City PHI,E42,"Korchnoi, Viktor L","Karpov, Anatoly",5,1/2-1/2
1978.07.29,1978.07.??,World Championship 29th,Baguio City PHI,A29,"Karpov, Anatoly","Korchnoi, Viktor L",6,1/2-1/2
1978.08.01,1978.07.??,World Championship 29th,Baguio City PHI,E47,"Korchnoi, Viktor L","Karpov, Anatoly",7,1/2-1/2
1978.08.03,1978.07.??,World Championship 29th,Baguio City PHI,C80,"Karpov, Anatoly","Korchnoi, Viktor L",8,1-0
1978.08.05,1978.07.??,World Championship 29th,Baguio City PHI,D37,"Korchnoi, Viktor L","Karpov, Anatoly",9,1/2-1/2
1978.08.08,1978.07.??,World Championship 29th,Baguio City PHI,C80,"Karpov, Anatoly","Korchnoi, Viktor L",10,1/2-1/2
1978.08.10,1978.07.??,World Championship 29th,Baguio City PHI,B20,"Korchnoi, Viktor L","Karpov, Anatoly",11,1-0
1978.08.15,1978.07.??,World Championship 29th,Baguio City PHI,C81,"Karpov, Anatoly","Korchnoi, Viktor L",12,1/2-1/2
1978.08.17,1978.07.??,World Championship 29th,Baguio City PHI,D53,"Korchnoi, Viktor L","Karpov, Anatoly",13,0-1
1978.08.19,1978.07.??,World Championship 29th,Baguio City PHI,C82,"Karpov, Anatoly","Korchnoi, Viktor L",14,1-0
1978.08.22,1978.07.??,World Championship 29th,Baguio City PHI,E05,"Korchnoi, Viktor L","Karpov, Anatoly",15,1/2-1/2
1978.08.24,1978.07.??,World Championship 29th,Baguio City PHI,C08,"Karpov, Anatoly","Korchnoi, Viktor L",16,1/2-1/2
1978.08.26,1978.07.??,World Championship 29th,Baguio City PHI,E47,"Korchnoi, Viktor L","Karpov, Anatoly",17,0-1
1978.09.02,1978.07.??,World Championship 29th,Baguio City PHI,B08,"Karpov, Anatoly","Korchnoi, Viktor L",18,1/2-1/2
1978.09.07,1978.07.??,World Championship 29th,Baguio City PHI,E06,"Korchnoi, Viktor L","Karpov, Anatoly",19,1/2-1/2
1978.09.09,1978.07.??,World Championship 29th,Baguio City PHI,B15,"Karpov, Anatoly","Korchnoi, Viktor L",20,1/2-1/2
1978.09.12,1978.07.??,World Championship 29th,Baguio City PHI,D37,"Korchnoi, Viktor L","Karpov, Anatoly",21,1-0
1978.09.14,1978.07.??,World Championship 29th,Baguio City PHI,C08,"Karpov, Anatoly","Korchnoi, Viktor L",22,1/2-1/2
1978.09.16,1978.07.??,World Championship 29th,Baguio City PHI,D37,"Korchnoi, Viktor L","Karpov, Anatoly",23,1/2-1/2
1978.09.19,1978.07.??,World Championship 29th,Baguio City PHI,C83,"Karpov, Anatoly","Korchnoi, Viktor L",24,1/2-1/2
1978.09.23,1978.07.??,World Championship 29th,Baguio City PHI,A22,"Korchnoi, Viktor L","Karpov, Anatoly",25,1/2-1/2
1978.09.26,1978.07.??,World Championship 29th,Baguio City PHI,A21,"Karpov, Anatoly","Korchnoi, Viktor L",26,1/2-1/2
1978.09.28,1978.07.??,World Championship 29th,Baguio City PHI,A29,"Korchnoi, Viktor L","Karpov, Anatoly",27,0-1
1978.09.30,1978.07.??,World Championship 29th,Baguio City PHI,C82,"Karpov, Anatoly","Korchnoi, Viktor L",28,0-1
1978.10.07,1978.07.??,World Championship 29th,Baguio City PHI,A19,"Korchnoi, Viktor L","Karpov, Anatoly",29,1-0
1978.10.10,1978.07.??,World Championship 29th,Baguio City PHI,A34,"Karpov, Anatoly","Korchnoi, Viktor L",30,1/2-1/2
1978.10.12,1978.07.??,World Championship 29th,Baguio City PHI,D36,"Korchnoi, Viktor L","Karpov, Anatoly",31,1-0
1978.10.17,1978.07.??,World Championship 29th,Baguio City PHI,A43,"Karpov, Anatoly","Korchnoi, Viktor L",32,1-0
1981.10.01,1981.10.??,World Championship 30th,Meran ITA,D58,"Korchnoi, Viktor L","Karpov, Anatoly",1,0-1
1981.10.03,1981.10.??,World Championship 30th,Meran ITA,C67,"Karpov, Anatoly","Korchnoi, Viktor L",2,1-0
1981.10.05,1981.10.??,World Championship 30th,Meran ITA,D58,"Korchnoi, Viktor L","Karpov, Anatoly",3,1/2-1/2
1981.10.08,1981.10.??,World Championship 30th,Meran ITA,C42,"Karpov, Anatoly","Korchnoi, Viktor L",4,1-0
1981.10.12,1981.10.??,World Championship 30th,Meran ITA,D53,"Korchnoi, Viktor L","Karpov, Anatoly",5,1/2-1/2
1981.10.15,1981.10.??,World Championship 30th,Meran ITA,C82,"Karpov, Anatoly","Korchnoi, Viktor L",6,0-1
1981.10.17,1981.10.??,World Championship 30th,Meran ITA,D53,"Korchnoi, Viktor L","Karpov, Anatoly",7,1-0
1981.10.22,1981.10.??,World Championship 30th,Meran ITA,C54,"Karpov, Anatoly","Korchnoi, Viktor L",8,1/2-1/2
1981.10.24,1981.10.??,World Championship 30th,Meran ITA,D53,"Korchnoi, Viktor L","Karpov, Anatoly",9,0-1
1981.10.29,1981.10.??,World Championship 30th,Meran ITA,C54,"Karpov, Anatoly","Korchnoi, Viktor L",10,1/2-1/2
1981.10.31,1981.10.??,World Championship 30th,Meran ITA,D37,"Korchnoi, Viktor L","Karpov, Anatoly",11,1/2-1/2
1981.11.02,1981.10.??,World Championship 30th,Meran ITA,A16,"Karpov, Anatoly","Korchnoi, Viktor L",12,1/2-1/2
1981.11.05,1981.10.??,World Championship 30th,Meran ITA,D31,"Korchnoi, Viktor L","Karpov, Anatoly",13,1-0
1981.11.09,1981.10.??,World Championship 30th,Meran ITA,C80,"Karpov, Anatoly","Korchnoi, Viktor L",14,1-0
1981.11.12,1981.10.??,World Championship 30th,Meran ITA,A29,"Korchnoi, Viktor L","Karpov, Anatoly",15,1/2-1/2
1981.11.14,1981.10.??,World Championship 30th,Meran ITA,C80,"Karpov, Anatoly","Korchnoi, Viktor L",16,1/2-1/2
1981.11.16,1981.10.??,World Championship 30th,Meran ITA,D53,"Korchnoi, Viktor L","Karpov, Anatoly",17,1/2-1/2
1981.11.18,1981.10.??,World Championship 30th,Meran ITA,C80,"Karpov, Anatoly","Korchnoi, Viktor L",18,1-0
1984.09.10,1984.09.10,World Championship 31th,Moscow RUS,B81,"Karpov, Anatoly","Kasparov, Gary",1,1/2-1/2
1984.09.12,1984.09.10,World Championship 31th,Moscow RUS,E17,"Kasparov, Gary","Karpov, Anatoly",2,1/2-1/2
1984.09.17,1984.09.10,World Championship 31th,Moscow RUS,B44,"Karpov, Anatoly","Kasparov, Gary",3,1-0
1984.09.21,1984.09.10,World Championship 31th,Moscow RUS,E15,"Kasparov, Gary","Karpov, Anatoly",4,1/2-1/2
1984.09.24,1984.09.10,World Championship 31th,Moscow RUS,B85,"Karpov, Anatoly","Kasparov, Gary",5,1/2-1/2
1984.09.26,1984.09.10,World Championship 31th,Moscow RUS,E15,"Kasparov, Gary","Karpov, Anatoly",6,0-1
1984.09.28,1984.09.10,World Championship 31th,Moscow RUS,D34,"Karpov, Anatoly","Kasparov, Gary",7,1-0
1984.10.03,1984.09.10,World Championship 31th,Moscow RUS,E05,"Kasparov, Gary","Karpov, Anatoly",8,1/2-1/2
1984.10.05,1984.09.10,World Championship 31th,Moscow RUS,D34,"Karpov, Anatoly","Kasparov, Gary",9,1-0
1984.10.08,1984.09.10,World Championship 31th,Moscow RUS,E12,"Kasparov, Gary","Karpov, Anatoly",10,1/2-1/2
1984.10.10,1984.09.10,World Championship 31th,Moscow RUS,A30,"Karpov, Anatoly","Kasparov, Gary",11,1/2-1/2
1984.10.12,1984.09.10,World Championship 31th,Moscow RUS,D58,"Kasparov, Gary","Karpov, Anatoly",12,1/2-1/2
1984.10.15,1984.09.10,World Championship 31th,Moscow RUS,A30,"Karpov, Anatoly","Kasparov, Gary",13,1/2-1/2
1984.10.17,1984.09.10,World Championship 31th,Moscow RUS,E15,"Kasparov, Gary","Karpov, Anatoly",14,1/2-1/2
1984.10.19,1984.09.10,World Championship 31th,Moscow RUS,E15,"Karpov, Anatoly","Kasparov, Gary",15,1/2-1/2
1984.10.22,1984.09.10,World Championship 31th,Moscow RUS,E15,"Kasparov, Gary","Karpov, Anatoly",16,1/2-1/2
1984.10.24,1984.09.10,World Championship 31th,Moscow RUS,D58,"Karpov, Anatoly","Kasparov, Gary",17,1/2-1/2
1984.10.26,1984.09.10,World Championship 31th,Moscow RUS,E15,"Kasparov, Gary","Karpov, Anatoly",18,1/2-1/2
1984.10.29,1984.09.10,World Championship 31th,Moscow RUS,D55,"Karpov, Anatoly","Kasparov, Gary",19,1/2-1/2
1984.10.31,1984.09.10,World Championship 31th,Moscow RUS,A30,"Kasparov, Gary","Karpov, Anatoly",20,1/2-1/2
1984.11.02,1984.09.10,World Championship 31th,Moscow RUS,D53,"Karpov, Anatoly","Kasparov, Gary",21,1/2-1/2
1984.11.05,1984.09.10,World Championship 31th,Moscow RUS,E05,"Kasparov, Gary","Karpov, Anatoly",22,1/2-1/2
1984.11.12,1984.09.10,World Championship 31th,Moscow RUS,D53,"Karpov, Anatoly","Kasparov, Gary",23,1/2-1/2
1984.11.16,1984.09.10,World Championship 31th,Moscow RUS,A33,"Kasparov, Gary","Karpov, Anatoly",24,1/2-1/2
1984.11.19,1984.09.10,World Championship 31th,Moscow RUS,D58,"Karpov, Anatoly","Kasparov, Gary",25,1/2-1/2
1984.11.21,1984.09.10,World Championship 31th,Moscow RUS,A33,"Kasparov, Gary","Karpov, Anatoly",26,1/2-1/2
1984.11.23,1984.09.10,World Championship 31th,Moscow RUS,D55,"Karpov, Anatoly","Kasparov, Gary",27,1-0
1984.11.28,1984.09.10,World Championship 31th,Moscow RUS,C42,"Kasparov, Gary","Karpov, Anatoly",28,1/2-1/2
1984.12.03,1984.09.10,World Championship 31th,Moscow RUS,D47,"Karpov, Anatoly","Kasparov, Gary",29,1/2-1/2
1984.12.05,1984.09.10,World Championship 31th,Moscow RUS,C42,"Kasparov, Gary","Karpov, Anatoly",30,1/2-1/2
1984.12.07,1984.09.10,World Championship 31th,Moscow RUS,D58,"Karpov, Anatoly","Kasparov, Gary",31,1/2-1/2
1984.12.12,1984.09.10,World Championship 31th,Moscow RUS,E12,"Kasparov, Gary","Karpov, Anatoly",32,1-0
1984.12.17,1984.09.10,World Championship 31th,Moscow RUS,D45,"Karpov, Anatoly","Kasparov, Gary",33,1/2-1/2
1984.12.19,1984.09.10,World Championship 31th,Moscow RUS,D58,"Kasparov, Gary","Karpov, Anatoly",34,1/2-1/2
1984.12.26,1984.09.10,World Championship 31th,Moscow RUS,B64,"Karpov, Anatoly","Kasparov, Gary",35,1/2-1/2
1984.12.28,1984.09.10,World Championship 31th,Moscow RUS,D58,"Kasparov, Gary","Karpov, Anatoly",36,1/2-1/2
1985.01.02,1984.09.10,World Championship 31th,Moscow RUS,B63,"Karpov, Anatoly","Kasparov, Gary",37,1/2-1/2
1985.01.04,1984.09.10,World Championship 31th,Moscow RUS,D58,"Kasparov, Gary","Karpov, Anatoly",38,1/2-1/2
1985.01.07,1984.09.10,World Championship 31th,Moscow RUS,D58,"Karpov, Anatoly","Kasparov, Gary",39,1/2-1/2
1985.01.09,1984.09.10,World Championship 31th,Moscow RUS,D58,"Kasparov, Gary","Karpov, Anatoly",40,1/2-1/2
1985.01.14,1984.09.10,World Championship 31th,Moscow RUS,C42,"Karpov, Anatoly","Kasparov, Gary",41,1/2-1/2
1985.01.16,1984.09.10,World Championship 31th,Moscow RUS,D58,"Kasparov, Gary","Karpov, Anatoly",42,1/2-1/2
1985.01.18,1984.09.10,World Championship 31th,Moscow RUS,B84,"Karpov, Anatoly","Kasparov, Gary",43,1/2-1/2
1985.01.21,1984.09.10,World Championship 31th,Moscow RUS,C92,"Kasparov, Gary","Karpov, Anatoly",44,1/2-1/2
1985.01.23,1984.09.10,World Championship 31th,Moscow RUS,B85,"Karpov, Anatoly","Kasparov, Gary",45,1/2-1/2
1985.01.28,1984.09.10,World Championship 31th,Moscow RUS,C92,"Kasparov, Gary","Karpov, Anatoly",46,1/2-1/2
1985.01.30,1984.09.10,World Championship 31th,Moscow RUS,D52,"Karpov, Anatoly","Kasparov, Gary",47,0-1
1985.02.08,1984.09.10,World Championship 31th,Moscow RUS,C42,"Kasparov, Gary","Karpov, Anatoly",48,1-0
